{
    "Clinical Trial ID": "NCT02149524",
    "Intervention": [
        "INTERVENTION 1: ",
        "  Herceptin (Trastuzumab)",
        "  Intravenous administration",
        "  Herceptin (trastuzuamb): Intravenous administration",
        "INTERVENTION 2: ",
        "  SB3 (Proposed Trastuzumab Biosimilar)",
        "  Intravenous administration",
        "  SB3 (proposed trastuzumab biosimilar): Intravenous administration"
    ],
    "Eligibility": [
        "Inclusion Criteria:",
        "  Female aged 18-65 years",
        "  Eastern Cooperative Oncology Group (ECOG) performance status of 0-1",
        "  Non-metastatic, unilateral newly diagnosed primary breast cancer of clinical stage II to III including inflammatory breast cancer with:",
        "  tumour size  2 cm",
        "  histologically confirmed primary invasive carcinoma of the breast",
        "  HER2-positivity confirmed by a central laboratory or an accredited local laboratory and defined as immunohistochemistry (IHC) 3+ or fluorescence in situ hybridisation (FISH)+",
        "  Known hormone receptor (oestrogen receptor and progesterone receptor) status",
        "  Baseline left ventricular ejection fraction (LVEF)  55% measured by echocardiography or multiple gated acquisition (MUGA) scan",
        "  Subjects must be able to provide informed consent, which must be obtained prior to any study related procedures",
        "Exclusion Criteria:",
        "  Metastatic (stage IV) or bilateral or multifocal/multicentric breast cancer",
        "  History of any prior invasive breast carcinoma, except for subjects with a past history of ductal carcinoma in situ (DCIS) and/or lobular carcinoma in situ (LCIS) treated with surgery only",
        "  Past or current history of malignant neoplasms within 5 years prior to Randomisation, except for curatively treated carcinoma in situ of uterine cervix, basal cell carcinoma of the skin or squamous cell carcinoma of the skin (malignant neoplasms occurring more than 5 years prior to Randomisation are permitted if curatively treated with surgery only)",
        "  Previous history of radiation therapy, immunotherapy, chemotherapy or biotherapy (including prior HER2 directed therapy) Major surgery within 4 weeks prior to Randomisation and minor surgery within 2 weeks prior to Randomisation (major surgery is defined as surgery which requires general anaesthesia)",
        "  Serious cardiac illness that would preclude the use of trastuzumab such as:",
        "  history of documented congestive heart failure (CHF) (New York Heart Association, NYHA, class II or greater heart disease)",
        "  LVEF < 55% by echocardiography or MUGA scan",
        "  angina pectoris requiring anti-anginal medication",
        "  evidence of transmural infarction on electrocardiogram (ECG)",
        "  uncontrolled hypertension (systolic > 180 mmHg and/or diastolic > 100 mmHg)",
        "  clinically significant valvular heart disease",
        "  high risk uncontrolled arrhythmias",
        "  Serious pulmonary illness enough to cause dyspnoea at rest or requiring supplementary oxygen therapy",
        "  Known history of hepatitis B virus (HBV), hepatitis C virus (HCV) or human immunodeficiency virus (HIV) infection",
        "  Other concurrent serious illnesses that may interfere with planned therapy including severe cardiovascular, pulmonary, metabolic or infectious conditions",
        "  Known hypersensitivity to the investigational product (IPs), non-IPs or any of the ingredients or excipients of the IPs or non-IPs",
        "  Known hypersensitivity to murine proteins",
        "  Known history of dihydropyrimidine dehydrogenase (DPD) deficiency",
        "  Pre-existing peripheral sensory or motor neuropathy  grade 2, defined by National Cancer Institute-Common Terminology Criteria for Adverse Events (NCI-CTCAE) v4.0",
        "  Pregnant or lactating women. A pregnancy test result is required for all women of childbearing potential including women who had menopause onset within 2 years prior to Randomisation. Women of childbearing potential must agree to use contraceptive methods (see section 7.4.2) during the study and 6 months after the last dose of IP",
        "  Concurrent hormonal therapy including birth control pills, ovarian hormone replacement for menopause, selective oestrogen receptor modulator (SERM) either for osteoporosis or breast cancer prevention",
        "  Subjects unwilling to follow the study requirements"
    ],
    "Results": [
        "Outcome Measurement: ",
        "  The Pathologic Complete Response (pCR) Rate of the Primary Breast Tumour",
        "  [Not Specified]",
        "  Time frame: Week 24",
        "Results 1: ",
        "  Arm/Group Title: Herceptin (Trastuzumab)",
        "  Arm/Group Description: Intravenous administration",
        "  Herceptin (trastuzuamb): Intravenous administration",
        "  Overall Number of Participants Analyzed: 398",
        "  Measure Type: Number",
        "  Unit of Measure: percentage of responders  42.0",
        "Results 2: ",
        "  Arm/Group Title: SB3 (Proposed Trastuzumab Biosimilar)",
        "  Arm/Group Description: Intravenous administration",
        "  SB3 (proposed trastuzumab biosimilar): Intravenous administration",
        "  Overall Number of Participants Analyzed: 402",
        "  Measure Type: Number",
        "  Unit of Measure: percentage of responders  51.7"
    ],
    "Adverse Events": [
        "Adverse Events 1:",
        "  Total: 58/438 (13.24%)",
        "  Febrile neutropenia  13/438 (2.97%)",
        "  Neutropenia  5/438 (1.14%)",
        "  Anaemia  0/438 (0.00%)",
        "  Thrombocytopenia  0/438 (0.00%)",
        "  Haemolytic anaemia  1/438 (0.23%)",
        "  Leukopenia  1/438 (0.23%)",
        "  Cardiac failure congestive  0/438 (0.00%)",
        "  Supraventricular tachycardia  0/438 (0.00%)",
        "  Myocardial infarction  1/438 (0.23%)",
        "  Vertigo  0/438 (0.00%)",
        "Adverse Events 2:",
        "  Total: 56/437 (12.81%)",
        "  Febrile neutropenia  10/437 (2.29%)",
        "  Neutropenia  7/437 (1.60%)",
        "  Anaemia  2/437 (0.46%)",
        "  Thrombocytopenia  1/437 (0.23%)",
        "  Haemolytic anaemia  0/437 (0.00%)",
        "  Leukopenia  0/437 (0.00%)",
        "  Cardiac failure congestive  3/437 (0.69%)",
        "  Supraventricular tachycardia  1/437 (0.23%)",
        "  Myocardial infarction  0/437 (0.00%)",
        "  Vertigo  1/437 (0.23%)"
    ]
}