{
    "Clinical Trial ID": "NCT01617668",
    "Intervention": [
        "INTERVENTION 1: ",
        "  LCL161 + Paclitaxel (Gene Expression Signature Positive)",
        "  Patients randomized to the experimental arm for gene expression signature positive received LCL161 1800 mg once weekly + paclitaxel 80 mg/m2 weekly for 12 weeks. Equal numbers of patients with gene expression signature positive and negative disease were included in each treatment arm.",
        "INTERVENTION 2: ",
        "  Paclitaxel Only (Gene Expression Signature Positive)",
        "  Patients randomized to the control arm for gene expression signature positive received paclitaxel 80 mg/m2 weekly for 12 weeks. Equal numbers of patients with gene expression signature positive and negative disease were included in each treatment arm."
    ],
    "Eligibility": [
        "Inclusion Criteria:",
        "  Histologically confirmed diagnosis of invasive triple negative breast cancer",
        "  Known status for the LCL161 predictive gene expression signature as determined during molecular pre-screening",
        "  Candidates for mastectomy or breast-conserving surgery",
        "  Primary tumor of greater than 20 mm and less than or equal to 50 mm diameter measured by imaging (previous Amendment #3 was tumor size greater than 10 mm)",
        "  Regional nodes N0-N2",
        "  Absence of distant metastatic disease",
        "  ECOG performance status 0-1",
        "  Adequate bone marrow function",
        "  Adequate liver function and serum transaminases",
        "  Adequate renal function",
        "Exclusion Criteria:",
        "  Bilateral or inflammatory breast cancer (bilateral mammography is required during Screening/baseline); locally recurrent breast cancer",
        "  Patients currently receiving systemic therapy for any other malignancy, or having received systemic therapy for a malignancy in the preceding 3 months",
        "  Uncontrolled cardiac disease",
        "  Patients who are currently receiving chronic treatment (>3 months) with corticosteroids at a dose  10 mg of prednisone (or its glucocorticoid equivalent) per day (inhaled and topical steroids are allowed), or any other chronic immunosuppressive treatment that cannot be discontinued prior to starting study drug",
        "  Impaired GI function that may affect the absorption of LCL161",
        "  Pregnant or breast feeding (lactating) women",
        "  Women of child-bearing potential, defined as all women physiologically capable of becoming pregnant, unless they are using highly effective methods of contraception during dosing and for 180 days after study treatment",
        "  Other protocol-defined inclusion/exclusion criteria may apply"
    ],
    "Results": [
        "Outcome Measurement: ",
        "  Pathological Complete Response (pCR) Rate in Breast After 12 Weeks of Therapy",
        "  pCR rate was defined as histopathologically confirmed absence of invasive disease in the breast. To assess whether adding LCL161 to weekly paclitaxel enhances the efficacy of paclitaxel in women with triple negative breast cancer. Analyses were performed separately in the gene expression signature negative and positive groups. This analysis was based on Bayesian design using a binomial distribution for the data with a beta prior. The measurement type used for this analysis is posterior median and the method of dispersion is Credible Interval (Crl) and not Confidence Interval (CI). Median values are posterior medians of pCR rate for each group.",
        "  Time frame: 12 weeks",
        "Results 1: ",
        "  LCL161 + Paclitaxel (Gene Expression Signature Positive)",
        "  Patients randomized to the experimental arm for gene expression signature positive received LCL161 1800 mg once weekly + paclitaxel 80 mg/m2 weekly for 12 weeks. Equal numbers of patients with gene expression signature positive and negative disease were included in each treatment arm.",
        "  Number of Participants: 51",
        "  Median (95% Confidence Interval)",
        "  Unit of Measure: Percentage of Participants: 24.9  ",
        "  (14.5 to 37.8)",
        "Results 2: ",
        "  Paclitaxel Only (Gene Expression Signature Positive)",
        "  Patients randomized to the control arm for gene expression signature positive received paclitaxel 80 mg/m2 weekly for 12 weeks. Equal numbers of patients with gene expression signature positive and negative disease were included in each treatment arm.",
        "  Number of Participants: 50",
        "  Median (95% Confidence Interval)",
        "  Unit of Measure: Percentage of Participants: 23.4  ",
        "  (13.3 to 36.2)"
    ],
    "Adverse Events": [
        "Adverse Events 1:",
        "  Total: 45/106 (42.45%)",
        "  Anaemia 1/106 (0.94%)",
        "  Disseminated intravascular coagulation 1/106 (0.94%)",
        "  Febrile neutropenia 1/106 (0.94%)",
        "  Lymph node pain 1/106 (0.94%)",
        "  Neutropenia 2/106 (1.89%)",
        "  Sinus tachycardia 1/106 (0.94%)",
        "  Abdominal pain upper 0/106 (0.00%)",
        "  Diarrhoea 2/106 (1.89%)",
        "  Nausea 1/106 (0.94%)",
        "  Chills 2/106 (1.89%)",
        "  Feeling cold 1/106 (0.94%)",
        "Adverse Events 2:",
        "  Total: 7/103 (6.80%)",
        "  Anaemia 1/103 (0.97%)",
        "  Disseminated intravascular coagulation 0/103 (0.00%)",
        "  Febrile neutropenia 1/103 (0.97%)",
        "  Lymph node pain 0/103 (0.00%)",
        "  Neutropenia 0/103 (0.00%)",
        "  Sinus tachycardia 0/103 (0.00%)",
        "  Abdominal pain upper 1/103 (0.97%)",
        "  Diarrhoea 0/103 (0.00%)",
        "  Nausea 0/103 (0.00%)",
        "  Chills 0/103 (0.00%)",
        "  Feeling cold 0/103 (0.00%)"
    ]
}