{
    "Clinical Trial ID": "NCT01151046",
    "Intervention": [
        "INTERVENTION 1: ",
        "  MM-121 + Exemestane",
        "  MM-121 (40mg/kg loading dose week 1, then 20 mg/kg weekly) administered over 60 minutes as an intravenous infusion once per week, plus exemestane (25 mg) administered orally once per day",
        "INTERVENTION 2: ",
        "  Placebo + Exemestane",
        "  Placebo and Exemestane: Placebo (histidine solution) administered over 60 minutes as an intravenous infusion once per week plus exemestane (25 mg) administered orally once per day"
    ],
    "Eligibility": [
        "Inclusion Criteria:",
        "  Locally advanced or metastatic breast cancer",
        "  Histologically or cytologically confirmed ER+ and/or PgR+ and Her2 negative breast cancer",
        "   18 years of age",
        "Exclusion Criteria:",
        "  Received prior treatment with exemestane",
        "  Extensive visceral disease (rapidly progressive, life-threatening metastases, including symptomatic lymphangitic metastases)",
        "  Symptomatic CNS disease"
    ],
    "Results": [
        "Outcome Measurement: ",
        "  Progression Free Survival (PFS)",
        "  To determine whether MM-121 + exemestane was more effective than placebo + exemestane in prolonging progression-free survival. PFS was a time to event measure, and progression of disease is defined using Response Evaluation Criteria In Solid Tumors Criteria (RECIST v1.1), \"as a 20% increase in the sum of the longest diameter of target lesions, or a measurable increase in a non-target lesion, or the appearance of new lesions\". Progression free survival was defined as the number of months from the date of randomization to the date of death or progression. If neither death nor progression was observed during the study, PFS data was censored at the last non-progressive disease valid tumor assessment unless the patient was discontinued due to symptomatic deterioration. If this occurred, the patient was counted as having progressive disease (PD).",
        "  Time frame: Time from first dose to date of progression, the longest time frame of 79.1 weeks",
        "Results 1: ",
        "  MM-121 + Exemestane",
        "  MM-121 (40mg/kg loading dose week 1, then 20 mg/kg weekly) administered over 60 minutes as an intravenous infusion once per week, plus exemestane (25 mg) administered orally once per day",
        "  Number of Participants: 56",
        "  Median (95% Confidence Interval)",
        "  Unit of Measure: weeks: 15.9  ",
        "  (9.3 to 30.3)",
        "Results 2: ",
        "  Placebo + Exemestane",
        "  Placebo and Exemestane: Placebo (histidine solution) administered over 60 minutes as an intravenous infusion once per week plus exemestane (25 mg) administered orally once per day",
        "  Number of Participants: 59",
        "  Median (95% Confidence Interval)",
        "  Unit of Measure: weeks: 10.7  ",
        "  (8.1 to 6.1)"
    ],
    "Adverse Events": [
        "Adverse Events 1:",
        "  Total: 7/56 (12.50%)",
        "  Febrile Neutropenia * 1/56 (1.79%)",
        "  Cardiovascular insufficiency * 1/56 (1.79%)",
        "  Tacchycardia * 0/56 (0.00%)",
        "  Abdominal Pain (Upper) * 0/56 (0.00%)",
        "  Gastritis * 0/56 (0.00%)",
        "  Nausea * 2/56 (3.57%)",
        "  Vomiting * 1/56 (1.79%)",
        "  Chest Pain * 1/56 (1.79%)",
        "  Disease Progression * 1/56 (1.79%)",
        "  Pneumonia * 0/56 (0.00%)",
        "  Hepatic Failure * 2/56 (3.57%)",
        "Adverse Events 2:",
        "  Total: 11/59 (18.64%)",
        "  Febrile Neutropenia * 0/59 (0.00%)",
        "  Cardiovascular insufficiency * 0/59 (0.00%)",
        "  Tacchycardia * 1/59 (1.69%)",
        "  Abdominal Pain (Upper) * 1/59 (1.69%)",
        "  Gastritis * 1/59 (1.69%)",
        "  Nausea * 0/59 (0.00%)",
        "  Vomiting * 0/59 (0.00%)",
        "  Chest Pain * 0/59 (0.00%)",
        "  Disease Progression * 1/59 (1.69%)",
        "  Pneumonia * 1/59 (1.69%)",
        "  Hepatic Failure * 0/59 (0.00%)"
    ]
}