{
    "Clinical Trial ID": "NCT01875367",
    "Intervention": [
        "INTERVENTION 1: ",
        "  Arm A: T-IV + T-SC Vial + T-SC Device",
        "  Trastuzumab intravenous (T-IV) x 1 cycle (usual dose of Trastuzumab), followed by 600mg of Trastuzumab Subcutaneous (T-SC) with vial (Injectable Solution) x 2 cycles, followed by 600mg of T-SC with single injection device (SID) x 2 cycles.",
        "INTERVENTION 2: ",
        "  Arm B: T-IV + T-SC Device + T-SC Vial",
        "  Trastuzumab intravenous (T-IV) x 1 cycle (usual dose of Trastuzumab), followed by 600mg of Trastuzumab Subcutaneous (T-SC) with single injection device (SID) x 2 cycles, followed by 600mg of T-SC with vial (Injectable Solution) x 2 cycles."
    ],
    "Eligibility": [
        "Inclusion Criteria:",
        "  Woman, 18 years old or upper.",
        "  Patient with advanced breast cancer with human epidermal growth factor receptor 2 (HER 2) positive histologically confirmed. The criteria for positivity HER 2 are:",
        "  immuno-histochemistry (IHC) 3+ (>10% of tumor cells with complete and intense membrane staining)",
        "  IHC 2+ with fluorescent in situ hybridization (FISH) / Chromogenic in situ hybridization (CISH) / silver-enhanced in situ hybridization (SISH) + for HER 2 amplification (*)",
        "  FISH / CISH / SISH + for HER 2 amplification (*) (*) Defined as the ratio of copies of HER 2/neu and copies of centromere of chromosome 17 (CEP17)> 2.2, or a number of copies of HER 2/neu> 6, as per local laboratory criteria.",
        "  Patient receiving trastuzumab with or without chemotherapy or hormonal therapy for at least 4 months.",
        "  No evidence of disease progression (clinical and / or radiological) for at least 4 months before inclusion in the study and with a life expectancy of at least 3 months.",
        "  Adequate performance status: Eastern Cooperative Oncology Group (ECOG) <2.",
        "  Adequate bone marrow function, liver and kidney",
        "  Proper cardiac function (LVEF within normal limits the center, measured by echocardiography or MUGA).",
        "  The patient must have been informed of the study and must sign and date informed consent document for entry into the trial.",
        "  The patient must be willing and able to comply with study procedures and be available to answer the study questionnaires.",
        "Exclusion Criteria:",
        "  Patients with no advanced breast cancer.",
        "  Breast cancer patients with tumors HER 2-negative.",
        "  The patient has another active malignancy other than breast adenocarcinoma; are excluded the non-melanoma skin cancer or any other properly treated in situ neoplasia. Patients with a history of malignancy, if they bear> 5 years without evidence of disease could be included.",
        "  The patient has uncontrolled brain metastases.",
        "  Concomitant administration, or in the 4 weeks prior to study entry, of other experimental treatment.",
        "  Known hypersensitivity to trastuzumab or to any of its components.",
        "  Patients with severe dyspnea at rest or requiring supplemental oxygen.",
        "  Heart disease or serious medical pathological prevent trastuzumab administration: documented history of congestive cardiac insufficiency (CCI), high-risk arrhythmias uncontrolled angina requiring medication, clinically significant valvular disease, history of myocardial infarction or evidence of transmural infarction on ECG or hypertension poorly controlled.",
        "  Presence of any concomitant serious systemic disease that is incompatible with the study (at the discretion of the investigator).",
        "  The patient is pregnant or lactating. Women of childbearing potential should undergo pregnancy testing blood or urine within 14 days prior to inclusion as institutional rules and use a non-hormonal contraceptive suitable: intrauterine device, barrier method (condom or diaphragm) also used in conjunction with spermicidal cream, total abstinence or surgical sterilization, during treatment with the study drugs and for 6 months following the end of treatment."
    ],
    "Results": [
        "Outcome Measurement: ",
        "  Percentage of Participants With Subcutaneous vs. Intravenous Treatment Preference",
        "  The percentage of patients who indicate a preference for the use of the intravenous vs subcutaneous administration of trastuzumab was analyzed with the answer to the questionnaire C2, question number 39 (All things considered, what method of administration do you prefer? Subcutaneous; Intravenous; No preference) of experiences and preferences of the patient.",
        "  Time frame: Up to 12 weeks",
        "Results 1: ",
        "  Arm A: T-IV + T-SC Vial + T-SC Device",
        "  Trastuzumab intravenous (T-IV) x 1 cycle (usual dose of Trastuzumab), followed by 600mg of Trastuzumab Subcutaneous (T-SC) with vial (Injectable Solution) x 2 cycles, followed by 600mg of T-SC with single injection device (SID) x 2 cycles.",
        "  Number of Participants: 76",
        "  Measure Type: Count of Participants",
        "  Unit of Measure: Participants: 66  86.8%",
        "Results 2: ",
        "  Arm B: T-IV + T-SC Device + T-SC Vial",
        "  Trastuzumab intravenous (T-IV) x 1 cycle (usual dose of Trastuzumab), followed by 600mg of Trastuzumab Subcutaneous (T-SC) with single injection device (SID) x 2 cycles, followed by 600mg of T-SC with vial (Injectable Solution) x 2 cycles.",
        "  Number of Participants: 83",
        "  Measure Type: Count of Participants",
        "  Unit of Measure: Participants: 71  85.5%"
    ],
    "Adverse Events": [
        "Adverse Events 1:",
        "  Total: 2/81 (2.47%)",
        "  Heart failure 0/81 (0.00%)",
        "  Fever 1/81 (1.23%)",
        "  Cold 0/81 (0.00%)",
        "  Catheter related infection (Bacteriemia) 0/81 (0.00%)",
        "  Lack of strength in left leg 0/81 (0.00%)",
        "  Ostenecrosis produced by biphosphonates 0/81 (0.00%)",
        "  Gastric cancer 0/81 (0.00%)",
        "  Stroke 0/81 (0.00%)",
        "  Hematuria 1/81 (1.23%)",
        "  Nodule in left breast 0/81 (0.00%)",
        "Adverse Events 2:",
        "  Total: 10/85 (11.76%)",
        "  Heart failure 1/85 (1.18%)",
        "  Fever 0/85 (0.00%)",
        "  Cold 1/85 (1.18%)",
        "  Catheter related infection (Bacteriemia) 1/85 (1.18%)",
        "  Lack of strength in left leg 1/85 (1.18%)",
        "  Ostenecrosis produced by biphosphonates 1/85 (1.18%)",
        "  Gastric cancer 1/85 (1.18%)",
        "  Stroke 1/85 (1.18%)",
        "  Hematuria 0/85 (0.00%)",
        "  Nodule in left breast 1/85 (1.18%)"
    ]
}