{
    "Clinical Trial ID": "NCT01808573",
    "Intervention": [
        "INTERVENTION 1: ",
        "  Neratinib Plus Capecitabine",
        "  neratinib 240 mg orally, once daily with food, continuously in 21 day cycles, and capecitabine 1500 mg/m^2 daily in 2 evenly divided doses, orally with water within 30 minutes after a meal, taken on days 1 to 14 of each 21 day cycle.",
        "INTERVENTION 2: ",
        "  Lapatinib Plus Capecitabine",
        "  lapatinib 1250 mg orally, once daily, continuously in 21 day cycles, and capecitabine 2000 mg/m^2 daily in 2 evenly divided doses, orally with water within 30 minutes after a meal, taken on days 1 to 14 of each 21 day cycle."
    ],
    "Eligibility": [
        "Inclusion Criteria:",
        "  Aged 18 years at signing of informed consent.",
        "  Histologically confirmed MBC, current stage IV.",
        "  Documented HER2 overexpression or gene-amplified tumor immunohistochemistry 3+ or 2+, with confirmatory fluorescence in situ hybridization (FISH) +.",
        "  Prior treatment with at least two (2) HER2-directed regimens for metastatic breast cancer.",
        "Exclusion Criteria:",
        "  Received previous therapy with capecitabine, neratinib, lapatinib, or any other HER2 directed tyrosine kinase inhibitor.",
        "  Note: There are additional inclusion and exclusion criteria. The study center will determine if you meet all of the criteria."
    ],
    "Results": [
        "Outcome Measurement: ",
        "  Centrally Assessed Progression Free Survival",
        "  Progression Free Survival (PFS), Measured in Months, for Randomized Subjects of the Central Assessment. The time interval from the date of randomization until the first date on which recurrence, progression (per Response Evaluation Criteria in Solid Tumors Criteria (RECIST) v1.1), or death due to any cause, is documented. For subjects without recurrence, progression or death, it is censored at the last valid tumor assessment. Progression is defined using Response Evaluation Criteria in Solid Tumors Criteria (RECIST v1.1), as a 20% increase in the sum of the longest diameter of target lesions, or a measurable increase in a non-target lesion, or the appearance of new lesions. Here, the time to event was reported as the restricted mean survival time. The restricted mean survival time was defined as the area under the curve of the survival function up to 24 months.",
        "  Time frame: From randomization date to recurrence, progression or death, assessed up to 38 months. The result is based on primary analysis data cut.",
        "Results 1: ",
        "  Neratinib Plus Capecitabine",
        "  neratinib 240 mg orally, once daily with food, continuously in 21 day cycles, and capecitabine 1500 mg/m^2 daily in 2 evenly divided doses, orally with water within 30 minutes after a meal, taken on days 1 to 14 of each 21 day cycle.",
        "  Number of Participants: 307",
        "  Mean (95% Confidence Interval)",
        "  Unit of Measure: months: 8.8  ",
        "  (7.8 to 9.8)",
        "Results 2: ",
        "  Lapatinib Plus Capecitabine",
        "  lapatinib 1250 mg orally, once daily, continuously in 21 day cycles, and capecitabine 2000 mg/m^2 daily in 2 evenly divided doses, orally with water within 30 minutes after a meal, taken on days 1 to 14 of each 21 day cycle.",
        "  Number of Participants: 314",
        "  Mean (95% Confidence Interval)",
        "  Unit of Measure: months: 6.6  ",
        "  (5.9 to 7.4)"
    ],
    "Adverse Events": [
        "Adverse Events 1:",
        "  Total: 103/303 (33.99%)",
        "  Anaemia 1/303 (0.33%)",
        "  Febrile neutropenia 1/303 (0.33%)",
        "  Neutropenia 1/303 (0.33%)",
        "  Acute myocardial infarction 0/303 (0.00%)",
        "  Atrial fibrillation 1/303 (0.33%)",
        "  Cardiac arrest 0/303 (0.00%)",
        "  Cardiac tamponade 1/303 (0.33%)",
        "  Cardiomyopathy 1/303 (0.33%)",
        "  Palpitations 2/303 (0.66%)",
        "  Pericardial effusion 1/303 (0.33%)",
        "  Tachycardia 0/303 (0.00%)",
        "Adverse Events 2:",
        "  Total: 93/311 (29.90%)",
        "  Anaemia 2/311 (0.64%)",
        "  Febrile neutropenia 3/311 (0.96%)",
        "  Neutropenia 0/311 (0.00%)",
        "  Acute myocardial infarction 1/311 (0.32%)",
        "  Atrial fibrillation 0/311 (0.00%)",
        "  Cardiac arrest 1/311 (0.32%)",
        "  Cardiac tamponade 1/311 (0.32%)",
        "  Cardiomyopathy 0/311 (0.00%)",
        "  Palpitations 0/311 (0.00%)",
        "  Pericardial effusion 1/311 (0.32%)",
        "  Tachycardia 1/311 (0.32%)"
    ]
}