{
    "Clinical Trial ID": "NCT00391092",
    "Intervention": [
        "INTERVENTION 1: ",
        "  Trastuzumab + Docetaxel",
        "  Trastuzumab 8 mg/kg loading dose administered intravenously on Day 1 of Cycle 1, followed by docetaxel 100 mg/m^2 on Day 2 of Cycle 1. Then a maintenance dose of trastuzumab at 6 mg/kg and docetaxel at 100 mg/m^2 were administered intravenously on Day 1 of each 3-weekly cycle until disease progression, unacceptable toxicity (requiring discontinuation of study treatment), or withdrawal of participant's consent, and for a minimum of 6 cycles, respectively.",
        "INTERVENTION 2: ",
        "  Trastuzumab + Bevacizumab + Docetaxel",
        "  Trastuzumab 8 mg/kg loading dose administered intravenously on Day 1 of Cycle 1, followed by bevacizumab 15 mg/kg and docetaxel 100 mg/m^2 on Day 2 of Cycle 1. Then a maintenance dose of trastuzumab at 6 mg/kg, bevacizumab 15 mg/kg and docetaxel at 100 mg/m^2 were administered intravenously on Day 1 of each 3-weekly cycle until disease progression, unacceptable toxicity (requiring discontinuation of study treatment), or withdrawal of participant's consent."
    ],
    "Eligibility": [
        "Inclusion Criteria:",
        "  adult patients, >=18 years of age;",
        "  HER2 positive breast cancer with locally recurrent or metastatic lesions;",
        "  eligible for chemotherapy;",
        "  baseline LVEF >=50%.",
        "Exclusion Criteria:",
        "  previous chemotherapy for metastatic or locally recurrent breast cancer;",
        "  previous radiotherapy for metastatic breast cancer (except for metastatic bone pain relief);",
        "  other primary tumor within last 5 years, with the exception of basal or squamous skin cancer, or in situ cancer of the cervix;",
        "  clinically significant cardiovascular disease;",
        "  chronic daily treatment with aspirin (>325mg/day) or clopidogrel (>75mg/day)."
    ],
    "Results": [
        "Outcome Measurement: ",
        "  Progression Free Survival (PFS)",
        "  PFS was defined as the time from randomization to time of first documented disease progression (unequivocal progression of existing non-target lesions) or death, whichever occurred first as assessed by Response Evaluation Criteria in Solid Tumors version 1.0 (RECIST v1.0). Progressive disease is defined using RECIST v1.0 as at least a 20% increase in the sum of the longest diameter of target lesions, taking as reference the smallest sum longest diameter recorded since the treatment started. Primary PFS variable was defined based on the investigators' assessments and the statistical conclusions on the primary efficacy endpoint were based on investigator assessed PFS. PFS was estimated using Kaplan-Meier methods.",
        "  Time frame: Every 9 weeks up to Week 36, thereafter every 12 weeks until disease progression (up to the clinical cutoff of 30 June 2011, up to 4.75 years)",
        "Results 1: ",
        "  Trastuzumab + Docetaxel",
        "  Trastuzumab 8 mg/kg loading dose administered intravenously on Day 1 of Cycle 1, followed by docetaxel 100 mg/m^2 on Day 2 of Cycle 1. Then a maintenance dose of trastuzumab at 6 mg/kg and docetaxel at 100 mg/m^2 were administered intravenously on Day 1 of each 3-weekly cycle until disease progression, unacceptable toxicity (requiring discontinuation of study treatment), or withdrawal of participant's consent, and for a minimum of 6 cycles, respectively.",
        "  Number of Participants: 208",
        "  Median (95% Confidence Interval)",
        "  Unit of Measure: months: 13.7  ",
        "  (11.4 to 6.3)",
        "Results 2: ",
        "  Trastuzumab + Bevacizumab + Docetaxel",
        "  Trastuzumab 8 mg/kg loading dose administered intravenously on Day 1 of Cycle 1, followed by bevacizumab 15 mg/kg and docetaxel 100 mg/m^2 on Day 2 of Cycle 1. Then a maintenance dose of trastuzumab at 6 mg/kg, bevacizumab 15 mg/kg and docetaxel at 100 mg/m^2 were administered intravenously on Day 1 of each 3-weekly cycle until disease progression, unacceptable toxicity (requiring discontinuation of study treatment), or withdrawal of participant's consent.",
        "  Number of Participants: 216",
        "  Median (95% Confidence Interval)",
        "  Unit of Measure: months: 16.5  ",
        "  (14.1 to 9.1)"
    ],
    "Adverse Events": [
        "Adverse Events 1:",
        "  Total: 63/206 (30.58%)",
        "  Febrile neutropenia * 14/206 (6.80%)",
        "  Neutropenia * 9/206 (4.37%)",
        "  Anaemia * 1/206 (0.49%)",
        "  Leukopenia * 0/206 (0.00%)",
        "  Thrombocytopenia * 1/206 (0.49%)",
        "  Cardiac failure * 0/206 (0.00%)",
        "  Cardiac failure congestive * 1/206 (0.49%)",
        "  Cardiomyopathy * 0/206 (0.00%)",
        "  Coronary artery occlusion * 1/206 (0.49%)",
        "  Coronary artery thrombosis * 0/206 (0.00%)",
        "Adverse Events 2:",
        "  Total: 72/215 (33.49%)",
        "  Febrile neutropenia * 18/215 (8.37%)",
        "  Neutropenia * 6/215 (2.79%)",
        "  Anaemia * 1/215 (0.47%)",
        "  Leukopenia * 1/215 (0.47%)",
        "  Thrombocytopenia * 0/215 (0.00%)",
        "  Cardiac failure * 1/215 (0.47%)",
        "  Cardiac failure congestive * 0/215 (0.00%)",
        "  Cardiomyopathy * 1/215 (0.47%)",
        "  Coronary artery occlusion * 0/215 (0.00%)",
        "  Coronary artery thrombosis * 1/215 (0.47%)"
    ]
}