{
    "Clinical Trial ID": "NCT00432172",
    "Intervention": [
        "INTERVENTION 1: ",
        "  Group 2 (Basal) Standard Treatment",
        "  Epirubicin (E) 90 mg/ m2 intravenous (iv) in combination with Cyclophosphamide (C) 600 mg/ m2 iv every 21 days for 4 cycles, followed by docetaxel (D)100 mg/m2 iv every 21 days for 4 cycles.",
        "INTERVENTION 2: ",
        "  Group 2 (Basal) Selective Treatment",
        "  Epirubicin (E) 90 mg/ m2 intravenous (iv) in combination with Cyclophosphamide (C) 600 mg/ m2 iv every 21 days for 4 cycles, followed by docetaxel (D)100 mg/m2 iv and carboplatin (Cb) (area under the curve = 6 mg/mL) iv every 21 days for 4 cycles."
    ],
    "Eligibility": [
        "Inclusion Criteria:",
        "  Written informed consent.",
        "  Breast cancer with histological diagnosis.",
        "  Negative Human Epidermal Growth Factor Receptor 2 (HER2) tumours defined as immunohistochemistry (IHQ) 0,1+.",
        "  No evidence of suspicion of metastatic disease.",
        "  Age >= 18 years old.",
        "  Performance status (Karnofsky index) >= 80 (ECOG 0,1).",
        "  Adequate cardiac function by ECG in the previous 12 weeks.",
        "  Hematology: neutrophils >= 1,5 x10^9/l; platelets >= 100 x10^9/l; hemoglobin >= 10 g/dl.",
        "  Adequate hepatic function: total bilirubin <= 1x Upper Normal Limit (UNL); Aspartate aminotransferase (AST) (SGOT) and Alanine aminotransferase (ALT) (SGPT) <= 2.5 x UNL; alkaline phosphatase <= 2.5 x UNL.",
        "  Adequate renal function: creatinine <= 1 x UNL; creatinine clearance >= 60 ml/min.",
        "  Patients able to comply with study treatment and follow-up.",
        "  Negative pregnancy test in the previous 14 days.",
        "Exclusion Criteria:",
        "  HER2 positive tumours (defined as IHQ 3+ or positive fluorescence in situ hybridization [FISH]).",
        "  Prior systemic therapy for breast cancer (immunotherapy, hormonotherapy, chemotherapy).",
        "  Prior treatment with anthracyclines or taxanes (paclitaxel, docetaxel) for any previous malignancy.",
        "  Prior radiotherapy for breast cancer.",
        "  Bilateral invasive breast cancer.",
        "  Pregnant or lactating women.",
        "  Previous grade >= 2 motor or sensorial neurotoxicity (National Cancer Institute Common Toxicity Criteria [NCICTC]).",
        "  Other serious comorbidities: congestive heart failure or unstable angina; prior history of myocardial infarction in previous year; uncontrolled hypertension (HT); high risk arrhythmias; history of significant neurological or psychiatric disorders; uncontrolled active infection; active peptic ulcer; unstable diabetes mellitus; dyspnea at rest; or chronic therapy with oxygen.",
        "  Previous or current history of neoplasms different from breast cancer, except for skin carcinoma, cervical in situ carcinoma, or any other tumor curatively treated and without recurrence in the last 10 years; ductal in situ carcinoma in the same breast; lobular in situ carcinoma.",
        "  Chronic treatment with corticosteroids.",
        "  Contraindications for administration of corticosteroids.",
        "  Concomitant treatment with other therapy for cancer.",
        "Males."
    ],
    "Results": [
        "Outcome Measurement: ",
        "  Pathological Response for Basal Group 2",
        "  This primary outcome only applies for the basal group 2 as per protocol. The pathological response in luminal group 1 was not pre-specified even as a Secondary Outcome. Pathological response was assessed after surgery, according to the Miller & Payne criteria, which stratifies the responses based on the proportion of remaining tumor and post-chemotherapy changes, evaluating separately the response in breast and axilla. Grades 1-4 are categorised as a partial pathological response (pPR) and grade 5 was a complete pathological response (cPR).",
        "  Time frame: Up to 24 weeks",
        "Results 1: ",
        "  Group 2 (Basal) Standard Treatment",
        "  Epirubicin (E) 90 mg/ m2 intravenous (iv) in combination with Cyclophosphamide (C) 600 mg/ m2 iv every 21 days for 4 cycles, followed by docetaxel (D)100 mg/m2 iv every 21 days for 4 cycles.",
        "  Number of Participants: 46",
        "  Measure Type: Count of Participants",
        "  Unit of Measure: Participants: 16  34.8%",
        "Results 2: ",
        "  Group 2 (Basal) Selective Treatment",
        "  Epirubicin (E) 90 mg/ m2 intravenous (iv) in combination with Cyclophosphamide (C) 600 mg/ m2 iv every 21 days for 4 cycles, followed by docetaxel (D)100 mg/m2 iv and carboplatin (Cb) (area under the curve = 6 mg/mL) iv every 21 days for 4 cycles.",
        "  Number of Participants: 47",
        "  Measure Type: Count of Participants",
        "  Unit of Measure: Participants: 14  29.8%"
    ],
    "Adverse Events": [
        "Adverse Events 1:",
        "  Total: 5/45 (11.11%)",
        "  Neutrophils/granulocytes (ANC/AGC) *  [1]0/45 (0.00%)",
        "  Neutrophils/granulocytes (ANC/AGC) *  [2]0/45 (0.00%)",
        "  Diabetes decompensation * 0/45 (0.00%)",
        "  Diarrhea *  [2]0/45 (0.00%)",
        "  Mucositis/stomatitis and Vomiting *  [3]0/45 (0.00%)",
        "  Pancreatitis *  [4]1/45 (2.22%)",
        "  Febrile neutropenia *  [2]3/45 (6.67%)",
        "Adverse Events 2:",
        "  Total: 0/46 (0.00%)",
        "  Neutrophils/granulocytes (ANC/AGC) *  [1]0/46 (0.00%)",
        "  Neutrophils/granulocytes (ANC/AGC) *  [2]0/46 (0.00%)",
        "  Diabetes decompensation * 0/46 (0.00%)",
        "  Diarrhea *  [2]0/46 (0.00%)",
        "  Mucositis/stomatitis and Vomiting *  [3]0/46 (0.00%)",
        "  Pancreatitis *  [4]0/46 (0.00%)",
        "  Febrile neutropenia *  [2]0/46 (0.00%)",
        "  Infection pulmonary/ Upper airway NOS *  [5]0/46 (0.00%)"
    ]
}