{
    "Clinical Trial ID": "NCT00617539",
    "Intervention": [
        "INTERVENTION 1: ",
        "  Irinotecan and Temozolomide",
        "  irinotecan hydrochloride administered intravenously (IV) at a starting dose of 125 mg/m2 on days 1 and 15 of a 28 day cycle",
        "  temozolomide orally for seven days at a starting dose of 100 mg/m2 on days 1-7 and days 15-21 of a 28 day cycle"
    ],
    "Eligibility": [
        "DISEASE CHARACTERISTICS:",
        "  Histologically or cytologically confirmed breast cancer with radiographically confirmed metastases to the brain",
        "  Extracranial metastases allowed",
        "  Must have demonstrated progression of brain metastases after prior treatment for brain metastases, including any of the following:",
        "  External beam radiotherapy",
        "  Brachytherapy",
        "  Stereotactic radiosurgery",
        "  Surgery",
        "  Chemotherapy",
        "  Treatments with investigational drugs, biologics, or devices",
        "  Disease progression in the CNS must meet  1 of the following criteria:",
        "  New lesions in the CNS on an imaging study (contrast-enhanced CT scan or MRI)",
        "  Progressive lesions on an imaging study (contrast-enhanced CT scan or MRI)",
        "  New or progressive lesions that do not meet measurable disease definition allowed",
        "  Leptomeningeal disease allowed if concurrent progression or parenchymal brain metastases",
        "  Not a candidate for surgical resection and/or further stereotactic radiosurgery",
        "  Hormone receptor status not specified",
        "  PATIENT CHARACTERISTICS:",
        "  Menopausal status not specified",
        "  ECOG performance status 0-2",
        "  Life expectancy  1 month",
        "  Hemoglobin  10 g/dL (transfusion allowed)",
        "  ANC  1,500/mm\u00b3",
        "  Granulocyte count  1,500/mm\u00b3",
        "  Platelet count  100,000/mm\u00b3",
        "  Creatinine  1.5 mg/dL",
        "  Total bilirubin  1.5 times upper limit of normal (ULN)",
        "  AST and ALT  3 times ULN",
        "  Must be able to swallow and retain oral medications",
        "  No other active malignancy except for any of the following:",
        "  Curatively treated basal or squamous cell carcinoma of the skin",
        "  Carcinoma in situ of the cervix",
        "  Other malignancies considered disease-free",
        "  Not pregnant or nursing",
        "  Negative pregnancy test",
        "  Fertile patients must use effective contraception",
        "  No history of immediate or delayed-type hypersensitivity reaction to gadolinium contrast agents or other contraindication to gadolinium contrast",
        "  No other known contraindication to MRI including, but not limited to, any of the following:",
        "  Cardiac pacemaker",
        "  Implanted cardiac defibrillator",
        "  Brain aneurysm clips",
        "  Cochlear implant",
        "  Ocular foreign body",
        "  Shrapnel",
        "  No active or uncontrolled infection",
        "  PRIOR CONCURRENT THERAPY:",
        "  See Disease Characteristics",
        "  Recovered from the side effects of prior chemotherapy, surgery, or radiotherapy for extracranial disease or brain metastases",
        "  Concurrent trastuzumab, bisphosphonate, and/or corticosteroid therapy allowed",
        "  At least 1 week since prior or on current stable dose of corticosteroid therapy",
        "  Patients on an enzyme-inducing anti-epileptic agent (EIAE) or valproic acid are eligible if they are switched to an alternate non-EIAE medication",
        "  Concurrent coumadin allowed",
        "  No prophylactic use of filgrastim (G-CSF) during first course of treatment"
    ],
    "Results": [
        "Outcome Measurement: ",
        "  Number of Patients With Objective Treatment Response (Complete or Partial) in the CNS",
        "  Imaging was performed at 8-week intervals to assess response to treatment. Patients with known or suspected leptomeningeal disease were deemed to have a complete response if CSF cytology converted to negative (if positive at baseline) and all meningeal enhancement or nodularity of brain and/or spine MRI resolved. A modified RECIST 1.0 criteria was used to assess CNS response for patients with new or progressing brain metastases. In this modified RECIST criteria, CNS lesions <1cm were not considered measurable, but were considered evaluable for response and progression. Progressive disease for patients with lesions <1 cm was defined as follows: growth of a lesion from less than or equal to 5 mm to greater than or equal to 10mm; or, growth of a 6-9 mm lesion by at least 5 mm in the case of non-target parenchymal brain metastases.",
        "  Time frame: Baseline scan prior to study entry was performed within 14 days of cycle 1 day 1, then every 8 weeks from then until disease progression or up to 2 years",
        "Results 1: ",
        "  Irinotecan and Temozolomide",
        "  irinotecan hydrochloride administered intravenously (IV) at a starting dose of 125 mg/m2 on days 1 and 15 of a 28 day cycle",
        "  temozolomide orally for seven days at a starting dose of 100 mg/m2 on days 1-7 and days 15-21 of a 28 day cycle",
        "  Number of Participants: 30",
        "  Measure Type: Count of Participants",
        "  Unit of Measure: Participants: 2 6.7%"
    ],
    "Adverse Events": [
        "Adverse Events 1:",
        "  Total: 16/30 (53.33%)",
        "  Lymphopenia * 16/30 (53.33%)",
        "  Leukopenia * 5/30 (16.67%)",
        "  Neutropenia * 5/30 (16.67%)",
        "  Anemia * 3/30 (10.00%)",
        "  Thrombocytopenia * 3/30 (10.00%)",
        "  Vomiting * 2/30 (6.67%)",
        "  Nausea * 1/30 (3.33%)",
        "  Diarrhea * 1/30 (3.33%)",
        "  Dysphagia * 1/30 (3.33%)",
        "  Fatigue * 3/30 (10.00%)",
        "  Dehydration * 2/30 (6.67%)",
        "  Alkaline phosphatase increased * 1/30 (3.33%)"
    ]
}