{
    "Clinical Trial ID": "NCT00022672",
    "Intervention": [
        "INTERVENTION 1: ",
        "  Trastuzumab + Anastrozole",
        "  Trastuzumab 4 mg/kg loading dose intravenous (iv) over 90 minutes, followed by weekly doses of 2 mg/kg iv over 30 minutes plus 1 mg oral dose of anastrozole every day for 24 Months in the Main phase and in the Extension Phase.",
        "INTERVENTION 2: ",
        "  Anastrozole",
        "  1 mg oral dose of anastrozole every day for 24 Months in the Main phase. In the Extension Phase participants could cross-over to also receive trastuzumab 4 mg/kg initial loading dose intravenous (iv) over 90 minutes, followed by weekly doses of 2 mg/kg iv over 30 minutes."
    ],
    "Eligibility": [
        "Inclusion Criteria:",
        "  postmenopausal women;",
        "  metastatic breast cancer suitable for endocrine therapy;",
        "  positive hormone receptor status;",
        "  Human epidermal growth factor receptor 2 (HER2) overexpression.",
        "Exclusion Criteria:",
        "  patients on hormone replacement therapy;",
        "  previous chemotherapy for metastatic disease;",
        "  uncontrolled cardiac disease and history of cardiac failure."
    ],
    "Results": [
        "Outcome Measurement: ",
        "  Progression Free Survival (PFS)",
        "  PFS was assessed by the investigator based on World Health Organization (WHO) criteria using radiographic tumor evaluations. Disease progression was defined as the appearance of any new lesion not previously identified or an estimated increase of 25% or more in existent bidimensionally or unidimensionally measurable lesions or progression of an existing non-measurable lesion. For bidimensionally measurable malignant lesions with an area of at least 2.0 centimeters squared (cm^2) an increase of 1.0 cm^2 was required and for unidimensionally measurable lesions of 1.0 cm or less an increase of 0.5 cm was required. PFS was defined as the number of days between date of randomization and date of documented disease progression or date of death. Kaplan Meier estimates of PFS are presented.",
        "  Time frame: 24 Months, End of Study (Up to 5 years)",
        "Results 1: ",
        "  Trastuzumab + Anastrozole",
        "  Trastuzumab 4 mg/kg loading dose intravenous (iv) over 90 minutes, followed by weekly doses of 2 mg/kg iv over 30 minutes plus 1 mg oral dose of anastrozole every day for 24 Months in the Main phase and in the Extension Phase.",
        "  Number of Participants: 103",
        "  Median (95% Confidence Interval)",
        "  Unit of Measure: Months: 4.8  ",
        "  (3.7 to 7)",
        "Results 2: ",
        "  Anastrozole",
        "  1 mg oral dose of anastrozole every day for 24 Months in the Main phase. In the Extension Phase participants could cross-over to also receive trastuzumab 4 mg/kg initial loading dose intravenous (iv) over 90 minutes, followed by weekly doses of 2 mg/kg iv over 30 minutes.",
        "  Number of Participants: 104",
        "  Median (95% Confidence Interval)",
        "  Unit of Measure: Months: 2.4  ",
        "  (2 to 4.6)"
    ],
    "Adverse Events": [
        "Adverse Events 1:",
        "  Total: 25/103 (24.27%)",
        "  Febrile neutropenia 1/103 (0.97%)",
        "  Myocardial infarction 1/103 (0.97%)",
        "  Myocardial ischaemia 1/103 (0.97%)",
        "  Middle ear inflammation 1/103 (0.97%)",
        "  Vomiting 3/103 (2.91%)",
        "  Nausea 2/103 (1.94%)",
        "  Abdominal pain 1/103 (0.97%)",
        "  Constipation 1/103 (0.97%)",
        "  Diarrhoea 1/103 (0.97%)",
        "  Gastritis 1/103 (0.97%)",
        "  Intestinal obstruction 1/103 (0.97%)",
        "Adverse Events 2:",
        "  Total: 6/104 (5.77%)",
        "  Febrile neutropenia 1/104 (0.96%)",
        "  Myocardial infarction 1/104 (0.96%)",
        "  Myocardial ischaemia 0/104 (0.00%)",
        "  Middle ear inflammation 0/104 (0.00%)",
        "  Vomiting 0/104 (0.00%)",
        "  Nausea 0/104 (0.00%)",
        "  Abdominal pain 0/104 (0.00%)",
        "  Constipation 0/104 (0.00%)",
        "  Diarrhoea 0/104 (0.00%)",
        "  Gastritis 0/104 (0.00%)",
        "  Intestinal obstruction 0/104 (0.00%)"
    ]
}