{
    "Clinical Trial ID": "NCT02679755",
    "Intervention": [
        "INTERVENTION 1: ",
        "  Palbociclib+Letrozole India Cohort",
        "  Participants received Palbociclib orally once a day at 125 mg for 21 days followed by 7 days off treatment ofr each 28-day cycle. Participants received Letrozole orally at 2.5 mg once daily as continuous daily dosing schedule according to product labeling and in compliance with its local prescribing information",
        "INTERVENTION 2: ",
        "  Palbociclib+Letrozole Australia Cohort",
        "  Participants received Palbociclib orally once a day at 125 mg for 21 days followed by 7 days off treatment for each 28-day cycle. Participants received Letrozole orally at 2.5 mg once daily as continuous daily dosing schedule according to product labeling and in compliance with its local prescribing information"
    ],
    "Eligibility": [
        "Inclusion Criteria:",
        "  Post-menopausal women (>=18 years of age) with proven diagnosis of advanced carcinoma of the breast (ER(+) and/or PgR(+) and HER2(-)) who are appropriate for letrozole therapy (in the first-line advanced/metastatic disease setting).",
        "  Eastern Cooperative Oncology Group (ECOG) performance status 0-2.",
        "  Adequate bone marrow, liver, and renal function.",
        "Exclusion Criteria:",
        "  Prior treatment with any CDK inhibitor .",
        "  QTc >480 msec; history of QT syndrome, Brugada syndrome or known history of QTc prolongation, or Torsade de Pointes.",
        "  High cardiovascular risk, including, but not limited to myocardial infarction, severe/unstable angina, severe cardiac dysrhythmias, and symptomatic pulmonary embolism in the past 6 months of enrollment."
    ],
    "Results": [
        "Outcome Measurement: ",
        "  Number of Participants With Treatment-Emergent Adverse Events (All Causalities)",
        "  An adverse event (AE) was any untoward medical occurrence in a clinical investigation participant administered a product; the event did not need to have a causal relationship with the treatment. All AEs reported after initiation of study drug treatment were considered as treatment emergent adverse events (TEAEs). AE severity was graded according to Common Terminology Criteria for AEs (CTCAE) version 4.03. Grade 1 AEs are mild AEs; Grade 2 AEs are moderate AEs; Grade 3 AEs are severe AEs, Grade 4 AEs are life-threatening consequences and Grade 5 AEs are deaths related to AEs. Each AE was counted once for the participant in the most severe severity. A serious adverse event (SAE) was an AE resulting in any of the following outcomes or deemed significant for any other reason: death; initial or prolonged inpatient hospitalization; life-threatening experience (immediate risk of dying); persistent or significant disability/incapacity; congenital anomaly.",
        "  Time frame: Baseline up to 28 days after last dose of study treatment, an average of 14 months",
        "Results 1: ",
        "  Palbociclib+Letrozole India Cohort",
        "  Participants received Palbociclib orally once a day at 125 mg for 21 days followed by 7 days off treatment ofr each 28-day cycle. Participants received Letrozole orally at 2.5 mg once daily as continuous daily dosing schedule according to product labeling and in compliance with its local prescribing information",
        "  Number of Participants: 100",
        "  Measure Type: Count of Participants",
        "  Unit of Measure: Participants: 92  92.0%",
        "Results 2: ",
        "  Palbociclib+Letrozole Australia Cohort",
        "  Participants received Palbociclib orally once a day at 125 mg for 21 days followed by 7 days off treatment for each 28-day cycle. Participants received Letrozole orally at 2.5 mg once daily as continuous daily dosing schedule according to product labeling and in compliance with its local prescribing information",
        "  Number of Participants: 152",
        "  Measure Type: Count of Participants",
        "  Unit of Measure: Participants: 152 100.0%"
    ],
    "Adverse Events": [
        "Adverse Events 1:",
        "  Total: 18/100 (18.00%)",
        "  Anaemia * 4/100 (4.00%)",
        "  Febrile neutropenia * 3/100 (3.00%)",
        "  Neutropenia * 1/100 (1.00%)",
        "  Pancytopenia * 0/100 (0.00%)",
        "  Thrombocytopenia * 1/100 (1.00%)",
        "  Acute coronary syndrome * 1/100 (1.00%)",
        "  Stress cardiomyopathy * 0/100 (0.00%)",
        "  Abdominal pain * 0/100 (0.00%)",
        "  Abdominal pain upper * 0/100 (0.00%)",
        "  Ascites * 1/100 (1.00%)",
        "Adverse Events 2:",
        "  Total: 45/152 (29.61%)",
        "  Anaemia * 0/152 (0.00%)",
        "  Febrile neutropenia * 3/152 (1.97%)",
        "  Neutropenia * 1/152 (0.66%)",
        "  Pancytopenia * 1/152 (0.66%)",
        "  Thrombocytopenia * 0/152 (0.00%)",
        "  Acute coronary syndrome * 0/152 (0.00%)",
        "  Stress cardiomyopathy * 1/152 (0.66%)",
        "  Abdominal pain * 2/152 (1.32%)",
        "  Abdominal pain upper * 2/152 (1.32%)",
        "  Ascites * 0/152 (0.00%)"
    ]
}