{
    "Clinical Trial ID": "NCT01094184",
    "Intervention": [
        "INTERVENTION 1: ",
        "  Bevacizumab 10 mg/kg Q2W",
        "  Participants received bevacizumab at a dose of 10 mg/kg Q2W as intravenous infusion along with paclitaxel Q1W or docetaxel Q3W as per discretion of the treating physician until disease progression, unacceptable toxicity or withdrawal of consent.",
        "INTERVENTION 2: ",
        "  Bevacizumab 15 mg/kg Q3W",
        "  Participants received bevacizumab at a dose of 15 mg/kg Q3W as intravenous infusion along with paclitaxel Q1W or docetaxel Q3W as per discretion of the treating physician until disease progression, unacceptable toxicity or withdrawal of consent."
    ],
    "Eligibility": [
        "Inclusion Criteria:",
        "  Histologically confirmed triple-negative (estrogen, progesterone, and HER-2 receptor negative) adenocarcinoma of the breast in pre- or post-menopausal women with measurable or non-measurable metastatic disease",
        "  Participant who in the Investigator's opinion requires combination therapy for their disease",
        "  Life expectancy of greater than or equal to (>/=)12 weeks",
        "Exclusion Criteria:",
        "  Previous chemotherapy for metastatic breast cancer",
        "  Participants currently undergoing radiation therapy for the treatment of metastatic disease (apart from the relief of metastatic bone pain)",
        "  Major surgery or significant traumatic injury within 28 days prior to enrollment or anticipation of the need for major surgery during study treatment"
    ],
    "Results": [
        "Outcome Measurement: ",
        "  Change From Baseline in Functional Assessment of Cancer Therapy-Breast Cancer (FACT-B) Score at Cycle 2",
        "  FACT-B is used for assessment of health-related quality of life (QoL) in participants with breast cancer. It consists of 36 items, summarized to 5 subscales: physical (7 items), functional (7 items), social/family (7 items); all 3 ranged from 0 to 28, emotional (6 items) ranging from 0 to 24, and breast cancer subscale (9 items) ranging from 0 to 36; high subscale score represents a better QoL. All single-item measures range from 0='Not at all' to 4='Very much'. Total possible score ranged from 0 to 144. High scale score represents a better QoL.",
        "  Time frame: Baseline, Cycle 2 (Cycle length=2 and 3 weeks)",
        "Results 1: ",
        "  Bevacizumab 10 mg/kg Q2W",
        "  Participants received bevacizumab at a dose of 10 mg/kg Q2W as intravenous infusion along with paclitaxel Q1W or docetaxel Q3W as per discretion of the treating physician until disease progression, unacceptable toxicity or withdrawal of consent.",
        "  Number of Participants: 31",
        "  Mean (Standard Deviation)",
        "  Unit of Measure: units on a scale: 31 participants",
        "Results 2: ",
        "  Bevacizumab 15 mg/kg Q3W",
        "  Participants received bevacizumab at a dose of 15 mg/kg Q3W as intravenous infusion along with paclitaxel Q1W or docetaxel Q3W as per discretion of the treating physician until disease progression, unacceptable toxicity or withdrawal of consent.",
        "  Number of Participants: 12",
        "  Mean (Standard Deviation)",
        "  Unit of Measure: units on a scale: 12 participants"
    ],
    "Adverse Events": [
        "Adverse Events 1:",
        "  Total: 15/36 (41.67%)",
        "  Neutropenia * 0/36 (0.00%)",
        "  Diarrhoea * 1/36 (2.78%)",
        "  Small intestinal perforation * 0/36 (0.00%)",
        "  Catheter site dermatitis * 0/36 (0.00%)",
        "  Disease progression * 1/36 (2.78%)",
        "  Fatigue * 1/36 (2.78%)",
        "  Pain * 1/36 (2.78%)",
        "  Pyrexia * 1/36 (2.78%)",
        "  Hypersensitivity * 1/36 (2.78%)",
        "  Device related infection * 1/36 (2.78%)",
        "  Gastroenteritis * 0/36 (0.00%)",
        "Adverse Events 2:",
        "  Total: 7/13 (53.85%)",
        "  Neutropenia * 2/13 (15.38%)",
        "  Diarrhoea * 0/13 (0.00%)",
        "  Small intestinal perforation * 1/13 (7.69%)",
        "  Catheter site dermatitis * 1/13 (7.69%)",
        "  Disease progression * 0/13 (0.00%)",
        "  Fatigue * 0/13 (0.00%)",
        "  Pain * 0/13 (0.00%)",
        "  Pyrexia * 0/13 (0.00%)",
        "  Hypersensitivity * 0/13 (0.00%)",
        "  Device related infection * 0/13 (0.00%)",
        "  Gastroenteritis * 1/13 (7.69%)"
    ]
}