{
    "Clinical Trial ID": "NCT00171704",
    "Intervention": [
        "INTERVENTION 1: ",
        "  Letrozole",
        "  2.5 mg once daily (q.d.)orally for 5 years",
        "INTERVENTION 2: ",
        "  Tam-Let",
        "  20 mg Tamoxifen once daily (q.d.) orally for 2 years followed by Letrozole 2.5 mg q.d. orally for 3 years."
    ],
    "Eligibility": [
        "Inclusion Criteria",
        "  Female",
        "  Post-menopausal hormone status defined as:",
        "  Patients with menostasis (amenorrhea) > 12 months or history of oophorectomy.",
        "  Patients  55 years with history of hysterectomy or having continued/renewed menstruation on cyclic hormone treatment.",
        "  Patients of 50-54 years: Menopausal status was determined on the basis of follicle-stimulating hormone (FSH)/luteinizing hormone (LH) values.",
        "  Histologically confirmed resected breast cancer and eligible for adjuvant endocrine therapy. As a minimum, patients had to have receptor-positive tumors, which were defined either as estrogen receptor (ER) and/or progesterone receptor (PgR)  10 fmol/mg cytosol protein; or  10% of the tumor cells positive by immunocytochemical evaluation.",
        "  Adequate bone marrow function (white blood cell count [WBC] > 3.0 x 109 /L, platelets  100.0 x 109 /L, and hemoglobin > 10 g/dL).",
        "  Documented evidence of adequate renal function (creatinine < 180 \u00b5mol/L) and hepatic function (bilirubin < 30 \u00b5mol/L, alanine aminotransferase (ALT) < 1.5 x upper normal limit of the laboratory).",
        "  Life expectancy of at least 24 months at the time of enrollment.",
        "  Written voluntary informed consent prior to initiation of any study procedure.",
        "  Willingness to undergo all scheduled tests and examinations for evaluation of bone density and bone metabolism, and lipid profiles in addition to the standard assessments for monitoring their breast cancer status.",
        "  Exclusion Criteria",
        "  Patients with distant metastases as defined by the criteria of the Danish Breast Cancer Co-operative Group (DBCCOG).",
        "  Pre-existing bone disease (e.g. osteomalacia, osteogenesis imperfecta, Paget's disease).",
        "  Patients receiving bisphosphonates for more than 3 months before randomization.",
        "  Chronic treatment with drugs known to interfere with bone metabolism, e.g.",
        "  Anti-convulsants within the past year.",
        "  Corticosteroids at doses greater than the equivalent of 5 mg/day prednisone for more than two weeks in the past 6 months (prior to randomization).",
        "  Any previous treatment with sodium fluoride at daily doses  5 mg/day for a period exceeding 1 month.",
        "  Anabolic steroids in the past 12 months.",
        "  Long term use of coumarin derivatives and heparin at the time of randomization.",
        "  Metabolic diseases known to interfere with bone metabolism (e.g., Hyperparathyroidism, hypoparathyroidism, uncontrolled thyroid disease, Cushing's disease, vitamin D deficiency, malabsorption syndrome, etc.).",
        "  Treatment with lipid-lowering agents within the 3 months prior to randomization (this exclusion criterion did not apply to patients randomized in the United Kingdom).",
        "  Patients receiving other anti-cancer treatment.",
        "  Previous neoadjuvant / adjuvant chemotherapy and /or previous adjuvant endocrine therapy (e.g., anti-estrogens, AIs).",
        "  History of previous or concomitant malignancy within the past 5 years other than adequately treated basal or squamous cell carcinoma of the skin or in situ carcinoma of the cervix. Patients who had a previous other malignancy must have been disease free for five years. Patients with endometrial cancer and/or invasive breast cancer at any time in their medical history were excluded. Patients with invasive bilateral breast cancer were excluded. Patients with vaginal discharge/ vaginal bleeding with evidence of malignancy were excluded.",
        "  Any other non-malignant systemic diseases (cardiovascular, renal, hepatic, lung embolism, etc.) which would prevent prolonged follow-up."
    ],
    "Results": [
        "Outcome Measurement: ",
        "  Percent Change From Baseline of Bone Mineral Density of the Lumbar Spine (L2-l4)",
        "  Lumbar spine (L2-L4) BMD measurements by dual energy X-ray absorptiometry (DXA) were performed after surgery and within 2 weeks prior to randomization and repeated every 6 months for the first 2 years and annually thereafter until 5 years after enrollment. The primary scanning site was the lumbar spine (L2 to L4) and the secondary scanning site was the total hip. All DXA scans were evaluated by a central reader.",
        "  Time frame: Baseline, 24 months",
        "Results 1: ",
        "  Letrozole",
        "  2.5 mg once daily (q.d.)orally for 5 years",
        "  Number of Participants: 63",
        "  Median (Full Range)",
        "  Unit of Measure: Percent Change: -4.63  ",
        "  (-14.21 to 4.32)",
        "Results 2: ",
        "  Tam-Let",
        "  20 mg Tamoxifen once daily (q.d.) orally for 2 years followed by Letrozole 2.5 mg q.d. orally for 3 years.",
        "  Number of Participants: 68",
        "  Median (Full Range)",
        "  Unit of Measure: Percent Change: 0.37  ",
        "  (-6.98 to 5.21)"
    ],
    "Adverse Events": [
        "Adverse Events 1:",
        "  Total: 50/133 (37.59%)",
        "  Acute myocardial infarction 0/133 (0.00%)",
        "  Angina pectoris 1/133 (0.75%)",
        "  Angina unstable 0/133 (0.00%)",
        "  Arrhythmia 1/133 (0.75%)",
        "  Atrial fibrillation 2/133 (1.50%)",
        "  Atrial flutter 0/133 (0.00%)",
        "  Bundle branch block left 1/133 (0.75%)",
        "  Myocardial infarction 0/133 (0.00%)",
        "  Pericarditis 0/133 (0.00%)",
        "  Sinus bradycardia 0/133 (0.00%)",
        "Adverse Events 2:",
        "  Total: 41/130 (31.54%)",
        "  Acute myocardial infarction 2/130 (1.54%)",
        "  Angina pectoris 1/130 (0.77%)",
        "  Angina unstable 1/130 (0.77%)",
        "  Arrhythmia 0/130 (0.00%)",
        "  Atrial fibrillation 2/130 (1.54%)",
        "  Atrial flutter 1/130 (0.77%)",
        "  Bundle branch block left 0/130 (0.00%)",
        "  Myocardial infarction 1/130 (0.77%)",
        "  Pericarditis 1/130 (0.77%)",
        "  Sinus bradycardia 1/130 (0.77%)"
    ]
}