{
    "Clinical Trial ID": "NCT00917735",
    "Intervention": [
        "INTERVENTION 1: ",
        "  Green Tea Extract",
        "  Green tea extract (GTE) supplement: Two green tea extract capsules twice daily after breakfast and dinner for one year. GTE was a decaffeinated green tea extract, and each capsule contained a total of 328.8 \u00b1 28.9 mg catechins including 210.7 \u00b1 11.0 mg of EGCG.",
        "INTERVENTION 2: ",
        "  Sugar Pill",
        "  Placebo: Two placebo capsules twice daily after breakfast and dinner for one year. Placebo capsules contained maltodextrin, cellulose, and magnesium stearate."
    ],
    "Eligibility": [
        "Inclusion Criteria:",
        "  Signed informed consent",
        "  Healthy postmenopausal women aged 50-70 years",
        "  \"Heterogeneously dense\" (51-75% glandular) or \"extremely dense\" (>75%glandular) breasts",
        "  Willing to avoid consumption of green tea for 1 year",
        "Exclusion Criteria:",
        "  Positive serological markers of hepatitis B or hepatitis C infections",
        "  Elevated levels of liver enzymes",
        "  Recent (within 6 mo) or current hormone or hormone modification therapy, including systemic hormone replacement therapy, SERMS and aromatase inhibitors",
        "  Current smoker of cigarettes or other tobacco products",
        "  BMI <19 or >40 kg/m2",
        "  Weight change > 10 lbs during the previous year",
        "  History of breast cancer or proliferative breast disease",
        "  Regular consumption of > 7 alcoholic drinks/wk",
        "  Regular consumption of green tea (>1 cup/wk)",
        "  Recent (within 6 mo) or current use of chemopreventive agents such as tamoxifen, raloxifene or aromatase inhibitors",
        "  Participation in any weight loss or weight gain studies",
        "  Currently taking Methotrexate or Enbrel",
        "  History of ovarian cancer",
        "  Any form of cancer in the last 5 years",
        "  Presence of implants"
    ],
    "Results": [
        "Outcome Measurement: ",
        "  Mammographic Density",
        "  Percent mammographic density was measured on digital images using a computer-assisted and quantitative method.",
        "  Time frame: Baseline and month 12",
        "Results 1: ",
        "  Green Tea Extract",
        "  Green tea extract (GTE) supplement: Two green tea extract capsules twice daily after breakfast and dinner for one year. GTE was a decaffeinated green tea extract, and each capsule contained a total of 328.8 \u00b1 28.9 mg catechins including 210.7 \u00b1 11.0 mg of EGCG.",
        "  Number of Participants: 462",
        "  Geometric Mean (95% Confidence Interval)",
        "  Unit of Measure: Percent: 22.71  ",
        "  (21.39 to 24.10)",
        "Results 2: ",
        "  Sugar Pill",
        "  Placebo: Two placebo capsules twice daily after breakfast and dinner for one year. Placebo capsules contained maltodextrin, cellulose, and magnesium stearate.",
        "  Number of Participants: 470",
        "  Geometric Mean (95% Confidence Interval)",
        "  Unit of Measure: Percent: 21.84  ",
        "  (20.59 to 23.17)"
    ],
    "Adverse Events": [
        "Adverse Events 1:",
        "  Total: 12/538 (2.23%)",
        "  Hypertension 0/538 (0.00%)",
        "  Acoustic Neuroma 1/538 (0.19%)",
        "  Diarrhea 0/538 (0.00%)",
        "  Colitis 1/538 (0.19%)",
        "  Elevated ALT or AST enzyme 7/538 (1.30%)",
        "  Diagnosis of Uterine Cancer 0/538 (0.00%)",
        "  Motorcycle accident 0/538 (0.00%)",
        "  Fall 0/538 (0.00%)",
        "  Surgery 3/538 (0.56%)",
        "Adverse Events 2:",
        "  Total: 8/537 (1.49%)",
        "  Hypertension 1/537 (0.19%)",
        "  Acoustic Neuroma 0/537 (0.00%)",
        "  Diarrhea 1/537 (0.19%)",
        "  Colitis 0/537 (0.00%)",
        "  Elevated ALT or AST enzyme 0/537 (0.00%)",
        "  Diagnosis of Uterine Cancer 2/537 (0.37%)",
        "  Motorcycle accident 1/537 (0.19%)",
        "  Fall 1/537 (0.19%)",
        "  Surgery 2/537 (0.37%)"
    ]
}