{
    "Clinical Trial ID": "NCT01856543",
    "Intervention": [
        "INTERVENTION 1: ",
        "  Eucerin",
        "  Patient education regarding amount to be applied (amount depending on body habitus) and area of treatment field will be reinforced by the R.N. prior to the first radiation treatment. Part of patient education may involve application of the cream. Patients will be instructed to apply cream to the upper outer quadrant, upper inner quadrant, lower outer quadrant, and lower inner quadrant, as well as irradiated nodal fields. They will be instructed to apply cream in a thin, uniform layer twice a day, in the morning and evening, and not within the immediate 4 hours prior to radiation treatment. Patients will be informed that application immediately following radiation treatment is acceptable for those scheduled to receive morning treatments. Patients will be provided diaries to record the date and time they applied the study cream. Pts should return the completed diaries on their weekly status checks and at the 2 weeks +/- 2 business days following the completion of RT.",
        "Eucerin",
        "INTERVENTION 2: ",
        "  Mometasone Furoate 0.1%",
        "  Patient education regarding amount to be applied (amount depending on body habitus) and area of treatment field will be reinforced by the R.N. prior to the first radiation treatment. Part of patient education may involve application of the cream. Patients will be instructed to apply cream to the upper outer quadrant, upper inner quadrant, lower outer quadrant, and lower inner quadrant, as well as irradiated nodal fields. They will be instructed to apply cream in a thin, uniform layer twice a day, in the morning and evening, and not within the immediate 4 hours prior to radiation treatment. Patients will be informed that application immediately following radiation treatment is acceptable for those scheduled to receive morning treatments.",
        "Mometasone F"
    ],
    "Eligibility": [
        "Inclusion Criteria:",
        "  Age 18 years",
        "  Stage 1-4 invasive breast cancer that is histologically confirmed at MSKCC",
        "  Status post mastectomy with axillary exploration (sentinel node biopsy and/or axillary lymph node dissection) to receive PMRT",
        "  ECOG Performance Status of 0 or 1",
        "Exclusion Criteria:",
        "  Male",
        "  Patients with clinical evidence of gross disease",
        "  Patients who are pregnant or breastfeeding",
        "  Prior radiation therapy to the ipsilateral chest wall or thorax",
        "  Patients requiring a chest wall boost",
        "  Concurrent chemotherapy (biologic agents are allowed)",
        "  Psychiatric illness that would prevent the patient from giving informed consent",
        "  Inability or unwillingness to comply with skin care instructions and follow-up",
        "  Allergy to either Eucerin or MF",
        "  Residual grade >1 skin toxicity, cellulitis, or incompletely healed wound(s) at intended site of study drug application at the time of the start of RT",
        "  Medical condition such as uncontrolled infection (including HIV), uncontrolled diabetes mellitus, or connective tissue diseases (lupus, systemic sclerosis, or other collagen vascular diseases)",
        "  Treatment with palliative or pre-operative radiation"
    ],
    "Results": [
        "Outcome Measurement: ",
        "  Percentage of Participants With Moist Desquamation",
        "  Skin toxicity assessments will be done on a weekly basis while the patient is receiving RT, by the RN or physician utilizing CTCAE 4.0 and the weekly status check form, as per current standard practice.",
        "  Time frame: 2 years",
        "Results 1: ",
        "  Eucerin",
        "  Patient education regarding amount to be applied (amount depending on body habitus) and area of treatment field will be reinforced by the R.N. prior to the first radiation treatment. Part of patient education may involve application of the cream. Patients will be instructed to apply cream to the upper outer quadrant, upper inner quadrant, lower outer quadrant, and lower inner quadrant, as well as irradiated nodal fields. They will be instructed to apply cream in a thin, uniform layer twice a day, in the morning and evening, and not within the immediate 4 hours prior to radiation treatment. Patients will be informed that application immediately following radiation treatment is acceptable for those scheduled to receive morning treatments. Patients will be provided diaries to record the date and time they applied the study cream. Pts should return the completed diaries on their weekly status checks and at the 2 weeks +/- 2 business days following the completion of RT.",
        "  Eucerin",
        "  Number of Participants: 73",
        "  Measure Type: Number",
        "  Unit of Measure: % of participants w/moist desquamation: 66.7",
        "Results 2: ",
        "  Mometasone Furoate 0.1%",
        "  Patient education regarding amount to be applied (amount depending on body habitus) and area of treatment field will be reinforced by the R.N. prior to the first radiation treatment. Part of patient education may involve application of the cream. Patients will be instructed to apply cream to the upper outer quadrant, upper inner quadrant, lower outer quadrant, and lower inner quadrant, as well as irradiated nodal fields. They will be instructed to apply cream in a thin, uniform layer twice a day, in the morning and evening, and not within the immediate 4 hours prior to radiation treatment. Patients will be informed that application immediately following radiation treatment is acceptable for those scheduled to receive morning treatments.",
        "  Mometasone F",
        "  Number of Participants: 70",
        "  Measure Type: Number",
        "  Unit of Measure: % of participants w/moist desquamation: 43.8"
    ],
    "Adverse Events": [
        "Adverse Events 1:",
        "  Total: 3/73 (4.11%)",
        "  Chest Pain - cardiac  1/73 (1.37%)",
        "  Myocarditis  1/73 (1.37%)",
        "  Pericarditis  1/73 (1.37%)",
        "  Ventricular tachycardia  1/73 (1.37%)",
        "  Skin infection  0/73 (0.00%)",
        "  Dermatitis radiation  0/73 (0.00%)",
        "  Dyspnea  1/73 (1.37%)",
        "Adverse Events 2:",
        "  Total: 3/70 (4.29%)",
        "  Chest Pain - cardiac  0/70 (0.00%)",
        "  Myocarditis  0/70 (0.00%)",
        "  Pericarditis  0/70 (0.00%)",
        "  Ventricular tachycardia  0/70 (0.00%)",
        "  Skin infection  2/70 (2.86%)",
        "  Dermatitis radiation  1/70 (1.43%)",
        "  Dyspnea  0/70 (0.00%)"
    ]
}