{
    "Clinical Trial ID": "NCT00107276",
    "Intervention": [
        "INTERVENTION 1: ",
        "  Cyclophosphamide and Capecitabine",
        "  cyclophosphamide orally days 1-14 and capecitabine orally days 15-21 for 8 cycles of 21 days each"
    ],
    "Eligibility": [
        "DISEASE CHARACTERISTICS:",
        "  Histologically or cytologically confirmed stage IV breast cancer",
        "  Metastatic disease (M1) OR multiple sites of new disease that is clinically obvious metastatic disease (i.e., multiple sites of new osseous disease)",
        "  Meets 1 of the following criteria:",
        "  Measurable disease",
        "  Non-measurable disease",
        "  MUC-1 antigen level > 2 times upper limit of normal AND level has increased by 1.5 times",
        "  Must have documented MUC-1 antigen level",
        "  Either cancer antigen (CA) 15-3 or CA 27-29 allowed",
        "  Must have received at least 1 prior hormonal therapy for metastatic disease (estogen receptor-positive patients only)",
        "  No symptomatic brain or CNS metastases",
        "  Previously treated brain or CNS metastasis allowed provided radiotherapy was completed  8 weeks before study entry",
        "  Hormone receptor status:",
        "  Not specified",
        "  PATIENT CHARACTERISTICS:",
        "  Age",
        "  18 and over",
        "  Sex",
        "  Female",
        "  Menopausal status",
        "  Not specified",
        "  Performance status",
        "  Zubrod 0-2",
        "  Life expectancy",
        "  Not specified",
        "  Hematopoietic",
        "  No known existing uncontrolled coagulopathy",
        "  Hepatic",
        "  Not specified",
        "  Renal",
        "  Creatinine clearance > 40 mL/min",
        "  Cardiovascular",
        "  No congestive heart failure",
        "  No symptomatic coronary artery disease",
        "  No cardiac arrhythmia not well controlled with medication",
        "  No myocardial infarction within the past 12 months",
        "  No other clinically significant cardiac disease",
        "  Gastrointestinal",
        "  Able to take oral medication",
        "  No uncontrolled nausea, vomiting, or diarrhea",
        "  No lack of physical integrity of the upper gastrointestinal tract",
        "  No malabsorption syndrome",
        "  Other",
        "  Not pregnant or nursing",
        "  Fertile patients must use effective contraception",
        "  No active infection requiring systemic therapy",
        "  No prior severe reaction to fluoropyrimidines",
        "  No known sensitivity to fluorouracil",
        "  No known dihydropyrimidine dehydrogenase deficiency",
        "  No other malignancy within the past 5 years except adequately treated basal cell or squamous cell skin cancer or carcinoma in situ of the cervix",
        "  PRIOR CONCURRENT THERAPY:",
        "  Biologic therapy",
        "  No concurrent immunotherapy or biologic therapy for breast cancer",
        "  No concurrent gene therapy for breast cancer",
        "  No concurrent filgrastim (G-CSF)",
        "  Chemotherapy",
        "  At least 14 days since prior chemotherapy and recovered",
        "  No more than 2 prior chemotherapy regimens for metastatic disease",
        "  No prior capecitabine for metastatic disease",
        "  No prior oral cyclophosphamide for metastatic disease",
        "  Prior IV cyclophosphamide allowed",
        "  No other concurrent chemotherapy for breast cancer",
        "  Endocrine therapy",
        "  See Disease Characteristics",
        "  No concurrent hormonal therapy for breast cancer",
        "  Radiotherapy",
        "  See Disease Characteristics",
        "  At least 14 days since prior radiotherapy to non-CNS disease sites and recovered",
        "  No concurrent radiotherapy for breast cancer",
        "  Surgery",
        "  Not specified",
        "  Other",
        "  Concurrent bisphosphonates allowed",
        "  No concurrent full-dose warfarin",
        "  Concurrent prophylactic warfarin ( 1 mg/day) to maintain port patency allowed",
        "  No other concurrent antineoplastic therapy for breast cancer"
    ],
    "Results": [
        "Outcome Measurement: ",
        "  Response Rate (Complete and Partial, Confirmed and Unconfirmed)",
        "  Complete Response (CR) is complete disappearance of all measurable and non-measurable disease. No new lesions, no disease related symptoms. Normalization of markers and other abnormal lab values. Partial Response (PR) is greater than or equal to 30% decrease under baseline of the sum of longest diameters of all target measurable lesions. No unequivocal progression of non-measurable disease. No new lesions. Confirmation of CR or PR means a repeat scan at least 4 weeks apart documented before progression or symptomatic deterioration. Progression is 20% increase in sum of longest diameters of target measurable lesions over smallest sum observed and/or unequivocal progression of non-measurable disease and/or appearance of new lesion/site or death due to disease without prior documentation of progression and without symptomatic deterioration. Symptomatic deterioration is global deterioration of health status requiring discontinuation of treatment without objective evidence of progression.",
        "  Time frame: Patients assessed at least every six weeks while on protocol treatment",
        "Results 1: ",
        "  Cyclophosphamide and Capecitabine",
        "  cyclophosphamide orally days 1-14 and capecitabine orally days 15-21 for 8 cycles of 21 days each",
        "  Number of Participants: 80",
        "  Measure Type: Number",
        "  Unit of Measure: participants: 29"
    ],
    "Adverse Events": [
        "Adverse Events 1:",
        "  Total: 4/95 (4.21%)",
        "  Death not associated with CTCAE term - Death NOS 1/95 (1.05%)",
        "  Death - Disease progression NOS 2/95 (2.11%)",
        "  CNS cerebrovascular ischemia 1/95 (1.05%)"
    ]
}