{
    "Clinical Trial ID": "NCT00754325",
    "Intervention": [
        "INTERVENTION 1: ",
        "  Fulvestrant and Dasatinib",
        "  Arm 1: Participants in this group received a drug regimen that consisted of both fulvestrant and dasatinib.",
        "  Fulvestrant: Intramuscular injection (IM), loading dose (500 mg) on Day 1 followed by 500 mg on Day 15 of Cycle 1 (28-day cycle). In subsequent cycles, 500 mg IM administered on Day 1, up to 2 years.",
        "  Dasatinib: Tablets, Oral, 100 mg, once daily (QD), up to 2 years",
        "INTERVENTION 2: ",
        "  Fulvestrant",
        "  Arm 2: Participants in this group received a drug regimen that consisted of fulvestrant only.",
        "  Fulvestrant: Intramuscular injection (IM), loading dose (500 mg) on Day 1 followed by 500 mg on Day 15 of Cycle 1 (28-day cycle). In subsequent cycles, 500 mg IM administered on Day 1, up to 2 years."
    ],
    "Eligibility": [
        "For more information regarding Bristol-Myers Squibb (BMS) clinical trial participation, please visit www.BMSStudyConnect.com.",
        "Inclusion Criteria:",
        "  Histologically confirmed hormone receptor positive (HR+) [(estrogen receptor (ER+) and/or progesterone receptors(PgR+)] breast cancer according to immunohistochemistry (IHC)",
        "  Measureable or evaluable-only disease",
        "  human epidermal growth factor receptor 2+ (HER2+) or HER2- breast cancer",
        "  Males and females 18 years of age",
        "  Females are post menopausal or surgically sterile",
        "  Recurrent or progressive advanced breast cancer (locally-advanced or metastatic), that has progressed: (a) during or within 12 months after completion of adjuvant Aromatase Inhibitor (AI) treatment OR (b) during AI treatment in advanced setting (metastatic therapy)",
        "Exclusion Criteria:",
        "  Pregnant or breast feeding",
        "  >1 chemotherapy regimen for advanced disease",
        "  Pleural or pericardial effusion",
        "  Serious cardiac condition"
    ],
    "Results": [
        "Outcome Measurement: ",
        "  Number of Participants With Disease Progression (PD) or Death",
        "  This endpoint evaluated the progression free survival (PFS) of participants amongst the total evaluable population. Progression free survival (PFS) was defined as the time from randomization to either the date the subject was first recorded as having PD (even if the subject went off treatment because of toxicity), or the date of death if the subject died due to any causes before progression. Participants with no recorded post-baseline tumor assessment had PFS censored at the day of randomization. Participants lost to follow-up were censored at the last date of contact. Participants that had not progressed or died had PFS censored at the date of last follow-up.",
        "  Time frame: Date of randomization to date of initial disease progression, or date of death (whichever occurs first), up to January 2014 (approximately 5 years)",
        "Results 1: ",
        "  Fulvestrant and Dasatinib",
        "  Arm 1: Participants in this group received a drug regimen that consisted of both fulvestrant and dasatinib.",
        "  Fulvestrant: Intramuscular injection (IM), loading dose (500 mg) on Day 1 followed by 500 mg on Day 15 of Cycle 1 (28-day cycle). In subsequent cycles, 500 mg IM administered on Day 1, up to 2 years.",
        "  Dasatinib: Tablets, Oral, 100 mg, once daily (QD), up to 2 years",
        "  Number of Participants: 50",
        "  Measure Type: Number",
        "  Unit of Measure: participants: 35",
        "Results 2: ",
        "  Fulvestrant",
        "  Arm 2: Participants in this group received a drug regimen that consisted of fulvestrant only.",
        "  Fulvestrant: Intramuscular injection (IM), loading dose (500 mg) on Day 1 followed by 500 mg on Day 15 of Cycle 1 (28-day cycle). In subsequent cycles, 500 mg IM administered on Day 1, up to 2 years.",
        "  Number of Participants: 49",
        "  Measure Type: Number",
        "  Unit of Measure: participants: 40"
    ],
    "Adverse Events": [
        "Adverse Events 1:",
        "  Total: 14/50 (28.00%)",
        "  Angina Pectoris 0/50 (0.00%)",
        "  Hypertension 1/50 (2.00%)",
        "  Coagulation Time Increased 0/50 (0.00%)",
        "  Bowel Obstruction 1/50 (2.00%)",
        "  Dehydration 0/50 (0.00%)",
        "  Diarrhea 1/50 (2.00%)",
        "  Nausea 3/50 (6.00%)",
        "  Nausea and Vomiting 0/50 (0.00%)",
        "  Obstruction Bowel 2/50 (4.00%)",
        "  Vomiting 3/50 (6.00%)",
        "  Weakness Generalized 0/50 (0.00%)",
        "  Cholecystitis 1/50 (2.00%)",
        "Adverse Events 2:",
        "  Total: 11/49 (22.45%)",
        "  Angina Pectoris 1/49 (2.04%)",
        "  Hypertension 0/49 (0.00%)",
        "  Coagulation Time Increased 1/49 (2.04%)",
        "  Bowel Obstruction 0/49 (0.00%)",
        "  Dehydration 1/49 (2.04%)",
        "  Diarrhea 0/49 (0.00%)",
        "  Nausea 0/49 (0.00%)",
        "  Nausea and Vomiting 1/49 (2.04%)",
        "  Obstruction Bowel 0/49 (0.00%)",
        "  Vomiting 0/49 (0.00%)",
        "  Weakness Generalized 1/49 (2.04%)",
        "  Cholecystitis 0/49 (0.00%)"
    ]
}