{
    "Clinical Trial ID": "NCT00182793",
    "Intervention": [
        "INTERVENTION 1: ",
        "  All Patients",
        "  Patients undergo stem cell collection. Patients receive high-dose melphalan IV with or without trastuzumab (Herceptin\u00ae), one day later, patients undergo autologous peripheral blood stem cell (PBSC) transplantation, no more than 7 weeks later, patients proceed to course 2; OR Patients receive high-dose carboplatin, thiotepa, and cyclophosphamide IV continuously over 4 days followed by autologous PBSC transplantation. After recover from high-dose chemotherapy and autologous PBSC transplantation, patients with stage IIIB or IIIC disease undergo radiotherapy to the chest wall and lymph nodes. Patients with stage IV disease undergo radiotherapy using helical tomotherapy or standard radiotherapy to oligometastatic sites."
    ],
    "Eligibility": [
        "DISEASE CHARACTERISTICS:",
        "  Histologically confirmed breast cancer, meeting 1 of the following stage criteria:",
        "  Stage IIIB or IIIC disease, meeting both of the following criteria:",
        "  Must have received prior neoadjuvant or adjuvant therapy",
        "  Must have undergone lumpectomy or mastectomy",
        "  Stage IV disease, meeting all of the following criteria:",
        "  Only 1-3 organ sites with disease involvement after induction chemotherapy",
        "  Achieved at least a partial response after induction chemotherapy",
        "  No more than 3 lesions in the organ sites combined",
        "  Inflammatory breast cancer allowed",
        "  Completed chemotherapy, surgery, or radiotherapy for breast cancer within the past 6 months",
        "  Hormone receptor status:",
        "  Not specified",
        "  PATIENT CHARACTERISTICS:",
        "  Age",
        "  65 and under",
        "  Sex",
        "  Male or female",
        "  Menopausal status",
        "  Not specified",
        "  Performance status",
        "  Karnofsky 80-100%",
        "  Life expectancy",
        "  Not specified",
        "  Hematopoietic",
        "  Absolute neutrophil count  1,000/mm^3",
        "  Platelet count  100,000/mm^3",
        "  Hepatic",
        "  SGOT or SGPT  2 times upper limit of normal",
        "  Bilirubin  1.5 mg/dL",
        "  Renal",
        "  Creatinine  1.2 mg/dL",
        "  Creatinine clearance  70 mL/min",
        "  Cardiovascular",
        "  LVEF  55% by MUGA or echocardiogram",
        "  Pulmonary",
        "  FEV_1  60% of predicted",
        "  DLCO  60% of the lower limit of predicted value",
        "  Oxygen saturation > 92% on room air",
        "  Other",
        "  Not pregnant or nursing",
        "  Negative pregnancy test",
        "  Fertile patients must use effective contraception",
        "  No autoimmune disorders",
        "  No immunosuppressive condition",
        "  No other malignancy within the past 5 years",
        "  PRIOR CONCURRENT THERAPY:",
        "  Biologic therapy",
        "  No prior biologic therapy except trastuzumab (Herceptin\u00ae)",
        "  Chemotherapy",
        "  See Disease Characteristics",
        "  Endocrine therapy",
        "  Not specified",
        "  Radiotherapy",
        "  See Disease Characteristics",
        "  No prior radiotherapy to adjacent or involved sites of disease that would preclude study radiotherapy",
        "  Surgery",
        "  See Disease Characteristics",
        "  Other",
        "  No other concurrent anticancer therapy"
    ],
    "Results": [
        "Outcome Measurement: ",
        "  5-Year Relapse-free Survival Rate",
        "  Estimated using the product-limit method of Kaplan and Meier. Relapse defined as appearance of any new lesions during or after protocol treatment. Whenever possible, relapses should be documented histologically.",
        "  Time frame: From time of initial PBPC rescue until death or disease recurrence (disease progression for patients with stage IV disease), whichever came first, up to 5 years post treatment",
        "Results 1: ",
        "  All Patients",
        "  Patients undergo stem cell collection. Patients receive high-dose melphalan IV with or without trastuzumab (Herceptin\u00ae), one day later, patients undergo autologous peripheral blood stem cell (PBSC) transplantation, no more than 7 weeks later, patients proceed to course 2; OR Patients receive high-dose carboplatin, thiotepa, and cyclophosphamide IV continuously over 4 days followed by autologous PBSC transplantation. After recover from high-dose chemotherapy and autologous PBSC transplantation, patients with stage IIIB or IIIC disease undergo radiotherapy to the chest wall and lymph nodes. Patients with stage IV disease undergo radiotherapy using helical tomotherapy or standard radiotherapy to oligometastatic sites.",
        "  Number of Participants: 27",
        "  Median (95% Confidence Interval)",
        "  Unit of Measure: percentage of participants: 53  ",
        "  (23 to 77)"
    ],
    "Adverse Events": [
        "Adverse Events 1:",
        "  Total: 24/32 (75.00%)",
        "  Disseminated intravascular coagulation * 1/32 (3.13%)",
        "  Febrile neutropenia * 1/32 (3.13%)",
        "  Adrenal insufficiency * 1/32 (3.13%)",
        "  Endocrine disorder * 1/32 (3.13%)",
        "  Chills * 1/32 (3.13%)",
        "  Fatigue * 1/32 (3.13%)",
        "  Fever * 1/32 (3.13%)",
        "  Multi-organ failure * 1/32 (3.13%)",
        "  Hepatic failure * 1/32 (3.13%)",
        "  Infection * 1/32 (3.13%)",
        "  Sepsis * 1/32 (3.13%)"
    ]
}