{
    "Clinical Trial ID": "NCT00482391",
    "Intervention": [
        "INTERVENTION 1: ",
        "  AC, PACLITAXEL , TRASTUZUMAB & LAPATINIB",
        "  The regimen consists of AC (doxorubicin 60 mg/m2, cyclophosphamide 600 mg/m2) q 14 days x 4 with pegfilgrastim, followed by weekly paclitaxel (80 mg/m2) x 12 + trastuzumab (H) + lapatinib (L). Pegfilgrastim 6mg is given subcutaneously (SQ) on day # 2 of each AC. Filgrastim may be used in lieu of pegfilgrastim at the physician's discretion. Trastuzumab will be administered weekly starting with paclitaxel treatment # 1. Near the completion of all chemotherapy, patients may receive trastuzumab on a q 3-weekly schedule, starting as early as with paclitaxel cycle # 12. The total duration of trastuzumab from beginning to end is 52 weeks. Lapatinib will be given orally at 1000 mg daily, starting with trastuzumab for a total duration of 52 weeks. Hormonal therapy such as tamoxifen or an aromatase inhibitor will be given to patients with hormone receptor positive disease at the physician's discretion. Radiation therapy to the breast or chest is recommended to patients as appropriate."
    ],
    "Eligibility": [
        "DISEASE CHARACTERISTICS:",
        "  Histologically confirmed adenocarcinoma of the breast",
        "  Bilateral synchronous breast tumors allowed",
        "  Any nodal status or tumor size allowed",
        "  No stage IV disease",
        "  HER2/neu-positive disease",
        "  3+ by IHC OR FISH-amplified",
        "  Hormone receptor status not specified",
        "  PATIENT CHARACTERISTICS:",
        "  Male or female",
        "  Menopausal status not specified",
        "  ECOG performance status 0-1",
        "  Absolute neutrophil count  1,000/mm\u00b3",
        "  Platelet count  100,000/mm\u00b3",
        "  Bilirubin  1.1 mg/dL",
        "  SGOT or SGPT  2.5 times upper limit of normal (ULN)",
        "  Not pregnant or nursing",
        "  Negative pregnancy test",
        "  Fertile patients must use effective barrier contraception during and after completion of study therapy",
        "  LVEF  50% by MUGA scan",
        "  No peripheral neuropathy > grade 1",
        "  No active second malignancy within the past 5 years except for adequately treated nonmelanoma skin cancer or in situ carcinoma of the cervix",
        "  No known allergy or hypersensitivity to doxorubicin hydrochloride, cyclophosphamide, paclitaxel, or other drugs formulated in Cremophor EL",
        "  No psychiatric illness or concurrent medical conditions that would preclude study treatment",
        "  No other conditions, including any of the following:",
        "  Unstable angina",
        "  Congestive heart failure",
        "  Myocardial infarction within the past 12 months",
        "  High-risk uncontrolled arrhythmias (e.g., ventricular tachycardia, high-grade AV block, or supraventricular arrhythmias that are not adequately controlled)",
        "  No QT prolongation (> 500 ms)",
        "  No active unresolved infections",
        "  No sensitivity to E. coli derived proteins",
        "  PRIOR CONCURRENT THERAPY:",
        "  Prior hormonal therapy for chemoprevention allowed",
        "  No prior trastuzumab (Herceptin\u00ae)",
        "  No prior anthracyclines",
        "  No concurrent hormonal therapy, including hormonal contraception (e.g., birth control pills or ovarian hormonal or replacement therapy)",
        "  No other concurrent chemotherapy, radiotherapy, immunotherapy, or biotherapy for breast cancer",
        "  No concurrent drugs that may prolong the QT"
    ],
    "Results": [
        "Outcome Measurement: ",
        "  Number of Patients Who Completed All Planned Therapy",
        "  The number of patients who completed all planned therapy (dose-dense adjuvant/ neoadjuvant chemotherapy regimen) in HER-2/neu-overexpressed/ amplified breast cancer patients.",
        "  Time frame: 2 years",
        "Results 1: ",
        "  AC, PACLITAXEL , TRASTUZUMAB & LAPATINIB",
        "  The regimen consists of AC (doxorubicin 60 mg/m2, cyclophosphamide 600 mg/m2) q 14 days x 4 with pegfilgrastim, followed by weekly paclitaxel (80 mg/m2) x 12 + trastuzumab (H) + lapatinib (L). Pegfilgrastim 6mg is given subcutaneously (SQ) on day # 2 of each AC. Filgrastim may be used in lieu of pegfilgrastim at the physician's discretion. Trastuzumab will be administered weekly starting with paclitaxel treatment # 1. Near the completion of all chemotherapy, patients may receive trastuzumab on a q 3-weekly schedule, starting as early as with paclitaxel cycle # 12. The total duration of trastuzumab from beginning to end is 52 weeks. Lapatinib will be given orally at 1000 mg daily, starting with trastuzumab for a total duration of 52 weeks. Hormonal therapy such as tamoxifen or an aromatase inhibitor will be given to patients with hormone receptor positive disease at the physician's discretion. Radiation therapy to the breast or chest is recommended to patients as appropriate.",
        "  Number of Participants: 92",
        "  Measure Type: Number",
        "  Unit of Measure: participants: 45"
    ],
    "Adverse Events": [
        "Adverse Events 1:",
        "  Total: 23/95 (24.21%)",
        "  Edema: limb 1/95 (1.05%)",
        "  Hematoma 1/95 (1.05%)",
        "  Hemoglobin 2/95 (2.11%)",
        "  Leukocytes (total WBC) 1/95 (1.05%)",
        "  Hypertension 1/95 (1.05%)",
        "  Hypotension 2/95 (2.11%)",
        "  Left ventricular diastolic dysfunction 1/95 (1.05%)",
        "  Prolonged QTc interval 1/95 (1.05%)",
        "  Sinus tachycardia 1/95 (1.05%)",
        "  Ocular/Visual - Other (specify) 1/95 (1.05%)"
    ]
}