{
    "Clinical Trial ID": "NCT00879086",
    "Intervention": [
        "INTERVENTION 1: ",
        "  Eribulin Mesylate",
        "  Eribulin mesylate was given at a dose of 1.4 mg/m^2 as a 2 to 5 minute IV bolus on Days 1 and 8 of a 21-day cycle during the Treatment and Extension Phases. The Treatment Phase included six cycles. Following the sixth cycle of the Treatment Phase, participants who demonstrated clinical benefit could continue treatment during the Extension Phase for an indefinite number of cycles for as long as clinical benefit was sustained (up to 211 weeks).",
        "INTERVENTION 2: ",
        "  Ixabepilone",
        "  Ixabepilone was given at a starting dose of 32 or 40 mg/m^2 (as per approved labeling) as a 3-hour IV infusion on Day 1 of a 21-day cycle during the Treatment and Extension Phases. The Treatment Phase included six cycles. Following the sixth cycle of the Treatment Phase, participants who demonstrated clinical benefit could continue treatment during the Extension Phase for an indefinite number of cycles for as long as clinical benefit was sustained (up to 211 weeks)."
    ],
    "Eligibility": [
        "Inclusion criteria:",
        "  1. Female subjects with confirmed locally recurrent or metastatic carcinoma of the breast who have received prior taxane therapy and at least one prior cytotoxic chemotherapy regimen for advanced disease.",
        "Exclusion criteria:",
        "  Subjects who have received prior ixabepilone therapy.",
        "  Subjects with prior participation in an eribulin clinical study, even if not assigned to eribulin treatment.",
        "  Subjects with pre-existing neuropathy Grade greater than or equal to 2.",
        "  Subjects with a history of diabetes mellitus Type 1 or 2.",
        "  Subjects with bilateral mastectomy which included bilateral axillary lymph node dissection.",
        "  Subjects with missing digits required for vibration assessment.",
        "  Subjects with any other concurrent diseases or conditions that would be expected to interfere with neuropathy assessments, which may include vitamin deficiency, sequelae of cerebrovascular disease, thyroid insufficiency, lumbar or cervical radiculopathy, or alcoholic or inflammatory neuropathy."
    ],
    "Results": [
        "Outcome Measurement: ",
        "  Percentage of Participants With Treatment-Emergent Neuropathy Adverse Events (AEs)",
        "  Neuropathy AEs were graded according to National Cancer Institute Common Terminology Criteria for Adverse Events (NCI CTCAE) version 3.0 and coded according to the current version of the Medical Dictionary for Regulatory Activities (MedDRA). Neuropathy AEs included the broad list of preferred terms (PTs) defined in the Standard MedDRA Query for Neuropathy and the following additional PTs: neuropathy, hyperesthesia, painful response to normal stimuli, pallanesthesia, and allodynia. If the post-baseline maximum CTCAE grade of the combined term \"neuropathy\" was greater than the baseline maximum CTCAE grade of the combined term, then the event was considered as treatment emergent neuropathy adverse events per CTCAE grade. For a single participant, 1) a neuropathy AE occurring more than once during the study, whether defined with the same or different MedDRA PTs, was counted only once, 2) a neuropathy AE with different CTCAE grades had only the highest grade AE counted.",
        "  Time frame: From administration of first dose up to approximately 5 years",
        "Results 1: ",
        "  Eribulin Mesylate",
        "  Eribulin mesylate was given at a dose of 1.4 mg/m^2 as a 2 to 5 minute IV bolus on Days 1 and 8 of a 21-day cycle during the Treatment and Extension Phases. The Treatment Phase included six cycles. Following the sixth cycle of the Treatment Phase, participants who demonstrated clinical benefit could continue treatment during the Extension Phase for an indefinite number of cycles for as long as clinical benefit was sustained (up to 211 weeks).",
        "  Number of Participants: 51",
        "  Measure Type: Number",
        "  Unit of Measure: Percentage of participants: 33.3  ",
        "  (20.8 to 47.9)",
        "Results 2: ",
        "  Ixabepilone",
        "  Ixabepilone was given at a starting dose of 32 or 40 mg/m^2 (as per approved labeling) as a 3-hour IV infusion on Day 1 of a 21-day cycle during the Treatment and Extension Phases. The Treatment Phase included six cycles. Following the sixth cycle of the Treatment Phase, participants who demonstrated clinical benefit could continue treatment during the Extension Phase for an indefinite number of cycles for as long as clinical benefit was sustained (up to 211 weeks).",
        "  Number of Participants: 50",
        "  Measure Type: Number",
        "  Unit of Measure: Percentage of participants: 50.0  ",
        "  (35.5 to 64.5)"
    ],
    "Adverse Events": [
        "Adverse Events 1:",
        "  Total: 19/51 (37.25%)",
        "  Febrile neutropenia 6/51 (11.76%)",
        "  Anaemia 1/51 (1.96%)",
        "  Leukopenia 1/51 (1.96%)",
        "  Neutropenia 1/51 (1.96%)",
        "  Thrombocytopenia 0/51 (0.00%)",
        "  Pericarditis 1/51 (1.96%)",
        "  Atrial flutter 0/51 (0.00%)",
        "  Cardiac failure congestive 0/51 (0.00%)",
        "  Visual impairment 0/51 (0.00%)",
        "  Dysphagia 1/51 (1.96%)",
        "  Abdominal pain 0/51 (0.00%)",
        "  Chills 1/51 (1.96%)",
        "Adverse Events 2:",
        "  Total: 17/50 (34.00%)",
        "  Febrile neutropenia 0/50 (0.00%)",
        "  Anaemia 1/50 (2.00%)",
        "  Leukopenia 0/50 (0.00%)",
        "  Neutropenia 1/50 (2.00%)",
        "  Thrombocytopenia 1/50 (2.00%)",
        "  Pericarditis 0/50 (0.00%)",
        "  Atrial flutter 1/50 (2.00%)",
        "  Cardiac failure congestive 1/50 (2.00%)",
        "  Visual impairment 1/50 (2.00%)",
        "  Dysphagia 0/50 (0.00%)",
        "  Abdominal pain 1/50 (2.00%)",
        "  Chills 0/50 (0.00%)"
    ]
}