{
    "Clinical Trial ID": "NCT01416389",
    "Intervention": [
        "INTERVENTION 1: ",
        "  LY2523355 + Pegfilgrastim or Filgrastim",
        "  LY2523355 administered intravenously as a 1-hour infusion on Days 1, 2, and 3 of a 21-day Cycle for 2 Cycles. Dosage determined by calculating participant's body surface area (5 milligrams per meter squared per day [mg/m^2/day]).",
        "  Pegfilgrastim or filgrastim administered intravenously on Day 4 of 21-day Cycle for 2 Cycles. Dosage is determined by standard of care.",
        "  If at the end of 2 Cycles the participant was receiving benefit, the participant may have remained on study drug for additional cycles until a criterion for study discontinuation was met.",
        "INTERVENTION 2: ",
        "  Ixabepilone",
        "  Ixabepilone administered intravenously as a 3-hour infusion on Day 1 of a 21-day Cycle for 2 Cycles.",
        "  Dosage determined by calculating participant's body surface area (40 mg/m^2).",
        "  If at the end of 2 Cycles the participant was receiving benefit, the participant may have remained on study drug for additional cycles until a criterion for study discontinuation was met."
    ],
    "Eligibility": [
        "Inclusion Criteria:",
        "  Have histologic or cytologic diagnosis of metastatic or locally recurrent breast cancer that is not amenable to therapy given with curative intent.",
        "  Have measurable disease defined by Response Evaluation Criteria In Solid Tumors (RECIST) 1.1 guidelines.",
        "  Have received 2 or more prior standard cytotoxic chemotherapy regimens for metastatic breast cancer and be, in the opinion of the investigator, an appropriate candidate for experimental therapy. Regimens received in the neoadjuvant or adjuvant setting are not counted as prior regimens.",
        "  Have received a prior taxane in the neoadjuvant, adjuvant, or metastatic setting.",
        "  Have recovered from the acute effects of prior chemotherapy, hormonal therapy, and radiation prior to study enrollment.",
        "  Have a performance status of 0 or 1 on the Eastern Cooperative Oncology Group (ECOG) scale.",
        "  Have adequate organ function.",
        "Exclusion Criteria:",
        "  Have Common Terminology Criteria for Adverse Events (CTCAE) Grade 2 or greater (moderate or worse) peripheral neuropathy",
        "  Have a second primary malignancy.",
        "  Have symptomatic, untreated, or uncontrolled central nervous system metastases.",
        "  Have received autologous stem cell transplant following high-dose chemotherapy.",
        "  Have serious preexisting medical conditions that in the opinion of the investigator would preclude participation in this study.",
        "  Have active symptomatic fungal, bacterial, and/or known viral infection including active human immunodeficiency virus (HIV) or viral hepatitis.",
        "  Have previously received LY2523355 in another study investigating this agent or therapy with ixabepilone or an ixabepilone-containing regimen.",
        "  Have a history of radiation therapy involving more than 25 percent of the bone marrow.",
        "  Have a Fridericia corrected QT (QTcF) interval of >470 milliseconds (msec) on screening electrocardiogram (ECG).",
        "  Have QRS widening of >120 msec on screening ECG.",
        "  Cannot change or stop taking a strong Cytochrome P450 3A4 (CYP3A4) inhibitor or CYP3A4 inducer per the ixabepilone label.",
        "  Have hypersensitivity to drugs formulated with Cremophor\u00ae EL per the ixabepilone label."
    ],
    "Results": [
        "Outcome Measurement: ",
        "  Change in Tumor Size (CTS) From Baseline to the End of Cycle 2",
        "  The log ratio of tumor size at Cycle 2 to tumor size at baseline is calculated for each participant, where the tumor size is the sum of the target lesion measurements at each assessment.",
        "  Time frame: Baseline up to end of Cycle 2 (Day 42)",
        "Results 1: ",
        "  LY2523355 + Pegfilgrastim or Filgrastim",
        "  LY2523355 administered intravenously as a 1-hour infusion on Days 1, 2, and 3 of a 21-day Cycle for 2 Cycles. Dosage determined by calculating participant's body surface area (5 milligrams per meter squared per day [mg/m^2/day]).",
        "  Pegfilgrastim or filgrastim administered intravenously on Day 4 of 21-day Cycle for 2 Cycles. Dosage is determined by standard of care.",
        "  If at the end of 2 Cycles the participant was receiving benefit, the participant may have remained on study drug for additional cycles until a criterion for study discontinuation was met.",
        "  Number of Participants: 17",
        "  Mean (Standard Deviation)",
        "  Unit of Measure: log ratio of end of Cycle 2 to baseline: -0.0  ",
        "   (0.08)",
        "Results 2: ",
        "  Ixabepilone",
        "  Ixabepilone administered intravenously as a 3-hour infusion on Day 1 of a 21-day Cycle for 2 Cycles.",
        "  Dosage determined by calculating participant's body surface area (40 mg/m^2).",
        "  If at the end of 2 Cycles the participant was receiving benefit, the participant may have remained on study drug for additional cycles until a criterion for study discontinuation was met.",
        "  Number of Participants: 11",
        "  Mean (Standard Deviation)",
        "  Unit of Measure: log ratio of end of Cycle 2 to baseline: -0.1  ",
        "   (0.37)"
    ],
    "Adverse Events": [
        "Adverse Events 1:",
        "  Total: 5/26 (19.23%)",
        "  Febrile neutropenia 1/26 (3.85%)",
        "  Abdominal pain 0/26 (0.00%)",
        "  Constipation 0/26 (0.00%)",
        "  Nausea 1/26 (3.85%)",
        "  Pancreatitis 1/26 (3.85%)",
        "  Vomiting 2/26 (7.69%)",
        "  Pain 0/26 (0.00%)",
        "  Pneumonia 0/26 (0.00%)",
        "  Urinary tract infection 1/26 (3.85%)",
        "  Lumbar vertebral fracture 1/26 (3.85%)",
        "  Ammonia increased 1/26 (3.85%)",
        "  Hepatic encephalopathy 1/26 (3.85%)",
        "Adverse Events 2:",
        "  Total: 4/13 (30.77%)",
        "  Febrile neutropenia 1/13 (7.69%)",
        "  Abdominal pain 1/13 (7.69%)",
        "  Constipation 1/13 (7.69%)",
        "  Nausea 0/13 (0.00%)",
        "  Pancreatitis 0/13 (0.00%)",
        "  Vomiting 0/13 (0.00%)",
        "  Pain 1/13 (7.69%)",
        "  Pneumonia 1/13 (7.69%)",
        "  Urinary tract infection 0/13 (0.00%)",
        "  Lumbar vertebral fracture 0/13 (0.00%)",
        "  Ammonia increased 0/13 (0.00%)",
        "  Hepatic encephalopathy 0/13 (0.00%)"
    ]
}