{
    "Clinical Trial ID": "NCT00265759",
    "Intervention": [
        "INTERVENTION 1: ",
        "  Cohort A Arm I: Exemestane",
        "  Patients receive oral exemestane 25 mg once daily for up to 16-18 weeks prior to partial or radical mastectomy or lumpectomy with or without lymph node dissection",
        "INTERVENTION 2: ",
        "  Cohort A Arm II: Letrozole",
        "  Patients receive oral letrozole 2.5 mg once daily for up to 16-18 weeks prior to partial or radical mastectomy or lumpectomy with or without lymph node dissection"
    ],
    "Eligibility": [
        "DISEASE CHARACTERISTICS:",
        "  Diagnosis of breast cancer",
        "  T2-T4c, any N, M0 disease",
        "  Clinically staged, as documented by the treating physician, as 1 of the following:",
        "  T4a-c disease for which modified radical mastectomy with negative margins is the goal",
        "  T2 or T3 disease for which conversion from needing mastectomy to breast conservation is the goal",
        "  T2 disease for which lumpectomy at first attempt is the goal",
        "  Primary tumor must be palpable and measure > 2 cm by tape, ruler, or caliper measurements in at least one dimension",
        "  Must agree to undergo mastectomy or lumpectomy after neoadjuvant aromatase inhibitor therapy",
        "  No inflammatory breast cancer, defined as clinically significant erythema of the breast and/or documented dermal lymphatic invasion (not direct skin invasion by tumor or peau d'orange without erythema)",
        "  No distant metastasis (M1)",
        "  Isolated ipsilateral supraclavicular node involvement allowed",
        "  No diagnosis that was established by incisional biopsy",
        "  Must have estrogen receptor (ER) positive tumor with an Allred score of 6, 7 or 8",
        "  Patients with > 66.66% (two-thirds) of cells staining positive and have a minimum Allred score of 6 are eligible",
        "  PATIENT CHARACTERISTICS:",
        "  ECOG/Zubrod performance status of  2",
        "  Female",
        "  Patient must be postmenopausal, verified by 1 of the following:",
        "  Bilateral surgical oophorectomy",
        "  No spontaneous menses  1 year",
        "  No menses for < 1 year with FSH and estradiol levels in postmenopausal range",
        "  No other malignancies within the past 5 years, except for successfully treated cervical carcinoma in situ; lobular carcinoma in situ of the breast; contralateral ductal carcinoma in situ that was treated with mastectomy or lumpectomy with radiotherapy (without tamoxifen); or non-melanoma skin cancer with no evidence of recurrence",
        "  Must have undergone potentially curative therapy for all prior malignancies AND deemed to be at low risk for recurrence, according to the treating physician",
        "  PRIOR CONCURRENT THERAPY:",
        "  No prior treatment for invasive breast cancer, including radiotherapy, endocrine therapy, chemotherapy, or investigational agents",
        "  No prior sentinel lymph node biopsy (cohort B only)",
        "  At least 1 week since prior agents with estrogenic or putatively estrogenic properties, including herbal preparations",
        "  At least 1 week since prior hormone replacement therapy of any type, megestrol acetate, or raloxifene",
        "  No concurrent enrollment in another neoadjuvant clinical trial for treatment of the existing breast cancer",
        "  No other concurrent anti-neoplastic therapy, including chemotherapy or radiotherapy",
        "  No concurrent agents or herbal products that alter ER function"
    ],
    "Results": [
        "Outcome Measurement: ",
        "  Clinical Response (Complete or Partial Response) Rate (Cohort A)",
        "  The clinical response rate (percentage) of a given treatment is defined as 100 times the number of eligible patients randomized to that treatment whose disease meets the WHO criteria for complete or partial response prior to surgery divided by the total number of eligible patients randomized to that treatment. For each treatment arm, a 95% binomial confidence interval will be constructed for the true clinical response rate. Complete Response (CR): The disappearance of all known disease based on a comparison between the measurements at baseline and the Week 16 visit. Partial Response (PR): A 50% or greater decrease in the product of the bi-dimensional measurements of the lesion (total tumor size) based on a comparison between the measurements at baseline and the Week 16 visit. In addition there can be no appearance of new lesions or progression of any lesion.",
        "  Time frame: Up to 18 weeks",
        "Results 1: ",
        "  Cohort A Arm I: Exemestane",
        "  Patients receive oral exemestane 25 mg once daily for up to 16-18 weeks prior to partial or radical mastectomy or lumpectomy with or without lymph node dissection",
        "  Number of Participants: 124",
        "  Measure Type: Number",
        "  Unit of Measure: percentage of patients: 62.9  ",
        "  (53.8 to 71.4)",
        "Results 2: ",
        "  Cohort A Arm II: Letrozole",
        "  Patients receive oral letrozole 2.5 mg once daily for up to 16-18 weeks prior to partial or radical mastectomy or lumpectomy with or without lymph node dissection",
        "  Number of Participants: 127",
        "  Measure Type: Number",
        "  Unit of Measure: percentage of patients: 74.8  ",
        "  (66.3 to 82.1)"
    ],
    "Adverse Events": [
        "Adverse Events 1:",
        "  Total: 9/157 (5.73%)",
        "  Blood disorder 1/157 (0.64%)",
        "  Hemoglobin decreased 1/157 (0.64%)",
        "  Hemolysis 0/157 (0.00%)",
        "  Arrhythmia 0/157 (0.00%)",
        "  Cardiac disorder 0/157 (0.00%)",
        "  Myocardial ischemia 1/157 (0.64%)",
        "  Hearing impaired 0/157 (0.00%)",
        "  Tinnitus 0/157 (0.00%)",
        "  Cataract 0/157 (0.00%)",
        "  Diplopia 0/157 (0.00%)",
        "  Glaucoma 0/157 (0.00%)",
        "  Vision blurred 0/157 (0.00%)",
        "Adverse Events 2:",
        "  Total: 14/157 (8.92%)",
        "  Blood disorder 0/157 (0.00%)",
        "  Hemoglobin decreased 2/157 (1.27%)",
        "  Hemolysis 1/157 (0.64%)",
        "  Arrhythmia 0/157 (0.00%)",
        "  Cardiac disorder 0/157 (0.00%)",
        "  Myocardial ischemia 0/157 (0.00%)",
        "  Hearing impaired 2/157 (1.27%)",
        "  Tinnitus 1/157 (0.64%)",
        "  Cataract 1/157 (0.64%)",
        "  Diplopia 0/157 (0.00%)",
        "  Glaucoma 1/157 (0.64%)",
        "  Vision blurred 1/157 (0.64%)"
    ]
}