{
    "Clinical Trial ID": "NCT00333775",
    "Intervention": [
        "INTERVENTION 1: ",
        "  Docetaxel 100 mg/m^2 Plus Placebo",
        "  Participants received docetaxel 100 mg/m^2 intravenously on Day 1 of each 3 week cycle for a maximum of 27 weeks (9 cycles). In addition, participants received placebo to bevacizumab intravenously on Day 1 of each 3 week cycle until disease progression, unacceptable toxicity, or participant withdrawal.",
        "INTERVENTION 2: ",
        "  Docetaxel 100 mg/m^2 Plus Bevacizumab 7.5 mg/kg",
        "  Participants received docetaxel 100 mg/m^2 intravenously on Day 1 of each 3 week cycle for a maximum of 27 weeks (9 cycles). In addition, participants received bevacizumab 7.5 mg/kg intravenously on Day 1 of each 3 week cycle until disease progression, unacceptable toxicity, or participant withdrawal."
    ],
    "Eligibility": [
        "Inclusion criteria:",
        "  Female patients  18 years of age.",
        "  Human epidermal growth factor receptor 2 (HER2)-negative cancer of the breast with locally recurrent or metastatic disease, suitable for chemotherapy.",
        "  No adjuvant chemotherapy within 6 months before randomization, and no taxane-based chemotherapy within 12 months before randomization.",
        "  Eastern Cooperative Oncology Group (ECOG) performance status of 0-1.",
        "Exclusion criteria:",
        "  Previous chemotherapy for metastatic or locally recurrent breast cancer.",
        "  Radiotherapy for treatment of metastatic disease.",
        "  Other primary tumors within last 5 years, except for controlled limited basal cell or squamous cancer of the skin, or cancer in situ of the cervix.",
        "  Spinal cord compression or brain metastases.",
        "  Major surgical procedure, open biopsy, or significant traumatic injury within 28 days prior to randomization.",
        "  Inadequate bone marrow, liver, or renal function.",
        "  Uncontrolled hypertension."
    ],
    "Results": [
        "Outcome Measurement: ",
        "  Progression-free Survival",
        "  Progression-free survival was evaluated using Response Evaluation Criteria In Solid Tumors (RECIST 1.0). Progression-free survival was defined as the time from randomization to the time of the first documented disease progression or death, whichever occurred first. Disease progression was defined as  20% increase in the sum of the longest diameter of target lesions, taking as reference the smallest sum longest diameter recorded since treatment started or the unequivocal progression of existing non-target lesions, or appearance of new lesion(s).",
        "  Time frame: Baseline to the 15 Sep 2008 cut-off date (up to 2 years, 6 months)",
        "Results 1: ",
        "  Docetaxel 100 mg/m^2 Plus Placebo",
        "  Participants received docetaxel 100 mg/m^2 intravenously on Day 1 of each 3 week cycle for a maximum of 27 weeks (9 cycles). In addition, participants received placebo to bevacizumab intravenously on Day 1 of each 3 week cycle until disease progression, unacceptable toxicity, or participant withdrawal.",
        "  Number of Participants: 241",
        "  Median (95% Confidence Interval)",
        "  Unit of Measure: Months: 8.0  ",
        "  (7.2 to 8.3)",
        "Results 2: ",
        "  Docetaxel 100 mg/m^2 Plus Bevacizumab 7.5 mg/kg",
        "  Participants received docetaxel 100 mg/m^2 intravenously on Day 1 of each 3 week cycle for a maximum of 27 weeks (9 cycles). In addition, participants received bevacizumab 7.5 mg/kg intravenously on Day 1 of each 3 week cycle until disease progression, unacceptable toxicity, or participant withdrawal.",
        "  Number of Participants: 248",
        "  Median (95% Confidence Interval)",
        "  Unit of Measure: Months: 8.7  ",
        "  (8.2 to 9.9)"
    ],
    "Adverse Events": [
        "Adverse Events 1:",
        "  Total: 82/217 (37.79%)",
        "  Febrile neutropenia 21/217 (9.68%)",
        "  Neutropenia 4/217 (1.84%)",
        "  Leukopenia 0/217 (0.00%)",
        "  Anaemia 1/217 (0.46%)",
        "  Thrombocytopenia 0/217 (0.00%)",
        "  Atrial fibrillation 0/217 (0.00%)",
        "  Arrhythmia 1/217 (0.46%)",
        "  Arteriospasm coronary 0/217 (0.00%)",
        "  Atrioventricular block first degree 0/217 (0.00%)",
        "  Cardiac failure 0/217 (0.00%)",
        "Adverse Events 2:",
        "  Total: 106/252 (42.06%)",
        "  Febrile neutropenia 29/252 (11.51%)",
        "  Neutropenia 13/252 (5.16%)",
        "  Leukopenia 3/252 (1.19%)",
        "  Anaemia 0/252 (0.00%)",
        "  Thrombocytopenia 1/252 (0.40%)",
        "  Atrial fibrillation 1/252 (0.40%)",
        "  Arrhythmia 0/252 (0.00%)",
        "  Arteriospasm coronary 1/252 (0.40%)",
        "  Atrioventricular block first degree 1/252 (0.40%)",
        "  Cardiac failure 1/252 (0.40%)"
    ]
}