{
    "Clinical Trial ID": "NCT00880464",
    "Intervention": [
        "INTERVENTION 1: ",
        "  Vaccine",
        "Biological/Vaccine: Autologous, Lethally Irradiated Breast Cancer Cells Vaccine will be administered on days 1, 8, 15, 29 and then every 2 weeks until the supply of vaccine runs out",
        "  Autologous, Lethally Irradiated Breast Cancer Cells: Vaccination with autologous tumor cells engineered by adenoviral mediated gene transfer to secrete GM-CS"
    ],
    "Eligibility": [
        "Inclusion Criteria:",
        "  Histologically or cytologically confirmed invasive breast cancer, pre-operative stages II-III per AJCC 6th edition, based on baseline evaluation by clinical examination and/or breast imaging",
        "  Cohort 1: At least 2cm of residual disease in sum of diameters by clinical or radiographic findings following their preoperative chemotherapy",
        "  Cohort 2: Patients who have not received preoperative chemotherapy must have at least 4cm of disease in the largest diameter by clinical or radiographic findings",
        "  Prior therapy for Cohort 1 only: Must have completed preoperative (neoadjuvant) chemotherapy with either a standard regimen (containing an anthracycline and/or a taxane) or on a clinical trial",
        "  HER2 positive tumors must have received at least one prior trastuzumab-based therapy, and may not receive concurrent trastuzumab therapy and vaccination",
        "  Must initiate hormonal therapy (if indicated), including ovarian suppression, at least 4 weeks prior to initiation of vaccinations",
        "  Must have completed definitive resection of primary tumor with adequated excision of gross disease. Surgery should have occured more than 28 days but within 12 weeks prior to enrollment",
        "  May receive concurrent hormonal therapy, such as tamoxifen, ovarian suppression, and aromatase inhibitors",
        "  Must have had prior banked tumor of sufficient cellular yield for vaccination",
        "  ECOG Performance Status 0 or 1",
        "  18 years of age or older",
        "  Greater than 4 weeks from immunotherapy, or systemic glucocorticoid therapy",
        "  Adequate recovery from recent surgery and radiation therapy",
        "Exclusion Criteria:",
        "  Uncontrolled active infection or illness",
        "  Other medical or psychiatric illness or social situation that would limit study compliance",
        "  Pregnancy or nursing mothers",
        "  Evidence of HIV infection",
        "  Previous participation in an adenovirus-based trial",
        "  Concurrent invasive malignancies"
    ],
    "Results": [
        "Outcome Measurement: ",
        "  Minimum Number of Vaccine Doses Created Using Participant Tumor Sample",
        "  Tumor samples were obtained via malignant effusion or a surgically accessible tumor nodule of 2 cm in greatest diameter. Tumor cells were processed to single cell suspension and transduced with adenoviral vector encoding human Granulocyte-macrophage colony-stimulating factor (GM-CSF). Then, the cells washed extensively and irradiated with 10,000 cGy. Over the next 14 days, sterility cultures were tested for endotoxin and mycoplasma contamination. Individual vaccine cell dose and number varied depending on the final cell yield from vaccine production. For stage II-III patients, the minimal dose was 1 x 10^5 cells and the maximal dose was 4 x 10^6 cells. For metastatic patients, the minimal dose was 1 x 10^5 cells and the maximal dose was 1 x 10^7 cells.",
        "  Time frame: 40 Months",
        "Results 1: ",
        "  Vaccine",
        "Biological/Vaccine: Autologous, Lethally Irradiated Breast Cancer Cells Vaccine will be administered on days 1, 8, 15, 29 and then every 2 weeks until the supply of vaccine runs out",
        "  Autologous, Lethally Irradiated Breast Cancer Cells: Vaccination with autologous tumor cells engineered by adenoviral mediated gene transfer to secrete GM-CS",
        "  Number of Participants: 7",
        "  Measure Type: Number",
        "  Unit of Measure: doses: 6"
    ],
    "Adverse Events": [
        "Adverse Events 1:",
        "  Total: 1/7 (14.29%)",
        "  Fatigue 1/7 (14.29%)"
    ]
}