{
    "Clinical Trial ID": "NCT01421472",
    "Intervention": [
        "INTERVENTION 1: ",
        "  HR+: MM-121+ Paclitaxel",
        "  Hormone-receptor positive (HR+) sub-group randomized to receive:",
        "  2 week run-in of MM-121 (20 mg/kg weekly IV infusion over 60 minutes following a 40 mg/kg loading dose), followed by 4 cycles of MM-121 (20 mg/kg weekly) + Paclitaxel (80 mg/kg IV infusion weekly over 60 minutes) for 12 weeks, followed by 4 cycles of doxorubicin and cyclophosphamide (8 weeks)",
        "INTERVENTION 2: ",
        "  HR+: Paclitaxel Only",
        "  Hormone-receptor positive (HR+) sub-group randomized to receive:",
        "  Paclitaxel (80 mg/kg IV infusion weekly over 60 minutes) for 12 weeks followed by standard dosing of doxorubicin IV plus cyclophosphamide IV, followed by surgery."
    ],
    "Eligibility": [
        "Inclusion Criteria:",
        "  Histological confirmation of ER positive, HER2 negative invasive breast cancer (Group 1) or invasive triple-negative breast cancer (Group 2)",
        "  Free of metastatic disease",
        "   18 years old",
        "  Female",
        "  Had no prior treatment for any cancer",
        "  Eligible for treatment with paclitaxel, doxorubicin and cyclophosphamide",
        "Exclusion Criteria:",
        "  Have a history of severe allergic reactions to paclitaxel or other drugs formulated in Cremaphor\u00ae EL",
        "  Are pregnant or breastfeeding"
    ],
    "Results": [
        "Outcome Measurement: ",
        "  Number of Participants With Pathologic Complete Response (pCR) (Rate of pCR)",
        "  Pathologic Complete Response was defined as the absence of invasive cancer in the breast and lymph nodes following completion of neoadjuvant systemic therapy and reported according to the current AJCC staging system for neoadjuvant clinical studies. The endpoint was to determine the pathologic Complete Response (pCR) rates associated with weekly treatment of MM-121 plus paclitaxel followed by the combination treatment of doxorubicin plus cyclophosphamide compared with weekly paclitaxel alone followed by the combination treatment of doxorubicin plus cyclophosphamide in patients with human epidermal growth factor receptor 2 (HER2)-negative primary breast cancer.",
        "  Time frame: At time of surgery, an expected average of 24-26 weeks",
        "Results 1: ",
        "  HR+: MM-121+ Paclitaxel",
        "  Hormone-receptor positive (HR+) sub-group randomized to receive:",
        "  2 week run-in of MM-121 (20 mg/kg weekly IV infusion over 60 minutes following a 40 mg/kg loading dose), followed by 4 cycles of MM-121 (20 mg/kg weekly) + Paclitaxel (80 mg/kg IV infusion weekly over 60 minutes) for 12 weeks, followed by 4 cycles of doxorubicin and cyclophosphamide (8 weeks)",
        "  Number of Participants: 66",
        "  Measure Type: Number",
        "  Unit of Measure: participants: 59",
        "Results 2: ",
        "  HR+: Paclitaxel Only",
        "  Hormone-receptor positive (HR+) sub-group randomized to receive:",
        "  Paclitaxel (80 mg/kg IV infusion weekly over 60 minutes) for 12 weeks followed by standard dosing of doxorubicin IV plus cyclophosphamide IV, followed by surgery.",
        "  Number of Participants: 30",
        "  Measure Type: Number",
        "  Unit of Measure: participants: 29"
    ],
    "Adverse Events": [
        "Adverse Events 1:",
        "  Total: 14/67 (20.90%)",
        "  Febrile Neutropenia * 5/67 (7.46%)",
        "  Anemia * 3/67 (4.48%)",
        "  Neutropenia * 0/67 (0.00%)",
        "  Leukopenia * 0/67 (0.00%)",
        "  Sinus Tachycardia * 0/67 (0.00%)",
        "  Diarrhea * 2/67 (2.99%)",
        "  Nausea * 1/67 (1.49%)",
        "  Vomiting * 1/67 (1.49%)",
        "  Pancreatitis * 1/67 (1.49%)",
        "  Pyrexia * 1/67 (1.49%)",
        "  Bacteremia * 0/67 (0.00%)",
        "  Breast Cellulutis * 0/67 (0.00%)",
        "Adverse Events 2:",
        "  Total: 5/33 (15.15%)",
        "  Febrile Neutropenia * 0/33 (0.00%)",
        "  Anemia * 0/33 (0.00%)",
        "  Neutropenia * 0/33 (0.00%)",
        "  Leukopenia * 0/33 (0.00%)",
        "  Sinus Tachycardia * 0/33 (0.00%)",
        "  Diarrhea * 0/33 (0.00%)",
        "  Nausea * 1/33 (3.03%)",
        "  Vomiting * 1/33 (3.03%)",
        "  Pancreatitis * 0/33 (0.00%)",
        "  Pyrexia * 1/33 (3.03%)",
        "  Bacteremia * 0/33 (0.00%)",
        "  Breast Cellulutis * 0/33 (0.00%)"
    ]
}