{
    "Clinical Trial ID": "NCT00875979",
    "Intervention": [
        "INTERVENTION 1: ",
        "  Trastuzumab Emtansine 3.0 mg/kg + Pertuzumab 420 mg",
        "  Patients received trastuzumab emtansine 3.0 mg/kg intravenously (IV) on Day 1 of every 3 week cycle until progressive disease, intolerable toxicity, initiation of another anti-cancer therapy, or patient discontinuation. Patients also received a loading dose of 840 mg of pertuzumab IV on Day 1 of Cycle 1 followed by pertuzumab 420 mg IV on Day 1 of every subsequent 3 week cycle.",
        "INTERVENTION 2: ",
        "  Trastuzumab Emtansine 3.6 mg/kg + Pertuzumab 420 mg",
        "  Patients received trastuzumab emtansine 3.6 mg/kg intravenously (IV) on Day 1 of every 3 week cycle until progressive disease, intolerable toxicity, initiation of another anti-cancer therapy, or patient discontinuation. Patients also received a loading dose of 840 mg of pertuzumab IV on Day 1 of Cycle 1 followed by pertuzumab 420 mg IV on Day 1 of every subsequent 3 week cycle."
    ],
    "Eligibility": [
        "Inclusion Criteria:",
        "  Histologically documented human epidermal growth factor receptor 2 (HER2)-positive locally advanced or metastatic breast cancer.",
        "  Tumor tissue blocks or 15-20 unstained tissue slides for confirmatory central laboratory HER2 status testing and other exploratory assessments.",
        "  Prior trastuzumab in any line of therapy.",
        "  No prior trastuzumab emtansine (T-DM1) or pertuzumab therapy.",
        "  Measurable disease.",
        "  For women of childbearing potential, agreement to use an effective form of contraception and to continue its use for the duration of the study.",
        "  Life expectancy  90 days.",
        "Exclusion Criteria:",
        "  Less than 21 days since the last anti-tumor therapy, including chemotherapy, biologic, experimental, immune, hormonal, or radiotherapy for the treatment of breast cancer, with the following exceptions: Hormone-replacement therapy or oral contraceptives; palliative radiation therapy involving  25% of marrow-bearing bone if administered  14 days prior to first study treatment.",
        "  History of intolerance or hypersensitivity to trastuzumab and/or adverse events related to trastuzumab that resulted in trastuzumab being permanently discontinued.",
        "  Peripheral neuropathy of Grade  2.",
        "  History of clinically significant cardiac dysfunction.",
        "  Current severe, uncontrolled systemic disease, eg, clinically significant cardiovascular, pulmonary, or metabolic disease.",
        "  Brain metastases that are untreated, progressive, or have required any type of therapy to control symptoms from brain metastases within 60 days of the first study treatment.",
        "  History of other malignancy within the last 5 years, except for appropriately treated carcinoma in situ of the cervix, non-melanoma skin carcinoma, or other malignancy with a similar expected curative outcome."
    ],
    "Results": [
        "Outcome Measurement: ",
        "  Objective Response Assessed by the Investigator Using Response Evaluation Criteria in Solid Tumors (RECIST)",
        "  A patient had an objective response if they had a complete response or a partial response on 2 consecutive occasions  4 weeks apart. For target lesions, a complete response was defined as the disappearance of all target lesions; a partial response was defined as at least a 30% decrease in the sum of the longest diameter of target lesions, taking as reference the baseline sum longest diameter. For non-target lesions, a complete response was defined as the disappearance of all non-target lesions; a partial response was defined as the persistence of 1 or more non-target lesions.",
        "  Time frame: Baseline through the end of the study (up to 2 years 3 months)",
        "Results 1: ",
        "  Trastuzumab Emtansine 3.0 mg/kg + Pertuzumab 420 mg",
        "  Patients received trastuzumab emtansine 3.0 mg/kg intravenously (IV) on Day 1 of every 3 week cycle until progressive disease, intolerable toxicity, initiation of another anti-cancer therapy, or patient discontinuation. Patients also received a loading dose of 840 mg of pertuzumab IV on Day 1 of Cycle 1 followed by pertuzumab 420 mg IV on Day 1 of every subsequent 3 week cycle.",
        "  Number of Participants: 3",
        "  Measure Type: Number",
        "  Unit of Measure: Percentage of patients: 66.7  ",
        "  (13.5 to 98.3)",
        "Results 2: ",
        "  Trastuzumab Emtansine 3.6 mg/kg + Pertuzumab 420 mg",
        "  Patients received trastuzumab emtansine 3.6 mg/kg intravenously (IV) on Day 1 of every 3 week cycle until progressive disease, intolerable toxicity, initiation of another anti-cancer therapy, or patient discontinuation. Patients also received a loading dose of 840 mg of pertuzumab IV on Day 1 of Cycle 1 followed by pertuzumab 420 mg IV on Day 1 of every subsequent 3 week cycle.",
        "  Number of Participants: 64",
        "  Measure Type: Number",
        "  Unit of Measure: Percentage of patients: 40.6  ",
        "  (28.5 to 53.6)"
    ],
    "Adverse Events": [
        "Adverse Events 1:",
        "  Total: 0/3 (0.00%)",
        "  Pericardial effusion 0/3 (0.00%)",
        "  Tachycardia 0/3 (0.00%)",
        "  Nausea 0/3 (0.00%)",
        "  Vomiting 0/3 (0.00%)",
        "  Abdominal pain 0/3 (0.00%)",
        "  Colitis 0/3 (0.00%)",
        "  Diarrhoea 0/3 (0.00%)",
        "  Gastritis 0/3 (0.00%)",
        "  Ileus 0/3 (0.00%)",
        "  Fatigue 0/3 (0.00%)",
        "  Pyrexia 0/3 (0.00%)",
        "  Pain 0/3 (0.00%)",
        "  Hepatic cirrhosis 0/3 (0.00%)",
        "  Cellulitis 0/3 (0.00%)",
        "Adverse Events 2:",
        "  Total: 22/64 (34.38%)",
        "  Pericardial effusion 1/64 (1.56%)",
        "  Tachycardia 1/64 (1.56%)",
        "  Nausea 2/64 (3.13%)",
        "  Vomiting 2/64 (3.13%)",
        "  Abdominal pain 2/64 (3.13%)",
        "  Colitis 1/64 (1.56%)",
        "  Diarrhoea 1/64 (1.56%)",
        "  Gastritis 1/64 (1.56%)",
        "  Ileus 1/64 (1.56%)",
        "  Fatigue 1/64 (1.56%)",
        "  Pyrexia 1/64 (1.56%)",
        "  Pain 1/64 (1.56%)",
        "  Hepatic cirrhosis 1/64 (1.56%)",
        "  Cellulitis 3/64 (4.69%)"
    ]
}