{
    "Clinical Trial ID": "NCT00193037",
    "Intervention": [
        "INTERVENTION 1: ",
        "  Arm A -Liposomal Doxorubicin Then Docetaxel",
        "  Liposomal doxorubicin (Arm A)",
        "  Liposomal doxorubicin 40 mg/m2 IV day 1 over one hour, repeated q 28 days thru peripheral vein or central venous access. This will define one cycle.",
        "  Patients demonstrating progression on Liposomal Doxorubicin were eligible for cross over to treatment on Docetaxel, provided the patient still met the eligibility laboratory and performance status criteria.",
        "INTERVENTION 2: ",
        "  Arm B - Docetaxel Then Liposomal Doxorubicin",
        "  Weekly docetaxel 36 mg/m2 IV over 30 minutes on days 1, 8 and 15 followed by one week rest, administered on a q 28 day cycle. This dosing schedule will define one cycle.",
        "  Patients demonstrating progression on Docetaxel were eligible for cross over to treatment on Liposomal Doxorubicin, provided the patient still met the eligibility laboratory and performance status criteria."
    ],
    "Eligibility": [
        "Inclusion Criteria:",
        "  To be included in this study, you must meet the following criteria:",
        "  Metastatic breast cancer confirmed by biopsy",
        "  Prior adjuvant/neoadjuvant treatment allowed",
        "  Measurable disease",
        "  Able to perform activities of daily living with minimal assistance",
        "  Age 18 years or older",
        "  Adequate bone marrow, liver and kidney function",
        "  Normal heart function",
        "  Written informed consent",
        "Exclusion Criteria:",
        "  You cannot participate in this study if any of the following apply to you:",
        "  Pre-existing moderate peripheral neuropathy",
        "  History of significant heart disease",
        "  Meningeal metastases.",
        "  Prior chemotherapy for metastatic breast cancer",
        "  No measurable disease (including bone only, pleural effusions, etc.)",
        "  Receiving Herceptin therapy.",
        "  Women who are pregnant or lactating.",
        "  Please note: There are additional inclusion/exclusion criteria. The study center will determine if you meet all of the criteria. If you do not qualify for the trial, study personnel will explain the reasons. If you do qualify, study personnel will explain the trial in detail and answer any questions you may have."
    ],
    "Results": [
        "Outcome Measurement: ",
        "  Overall Response Rate (ORR), the Percentage of Patients Who Experience an Objective Benefit From Treatment",
        "  ORR is defined as the percentage of patients who exhibit a Complete Response (CR) or Partial Response (PR). Complete Response is the total disappearance of clinically and radiologically detectable disease for at least 4 weeks. Partial Response is at least a 50% reduction of all measurable lesions as measured by the product of the perpendicular diameters of the greatest dimensions of tumor size, with no new lesions appearing for at least four weeks.",
        "  Time frame: 18 Months",
        "Results 1: ",
        "  Arm A -Liposomal Doxorubicin Then Docetaxel",
        "  Liposomal doxorubicin (Arm A)",
        "  Liposomal doxorubicin 40 mg/m2 IV day 1 over one hour, repeated q 28 days thru peripheral vein or central venous access. This will define one cycle.",
        "  Patients demonstrating progression on Liposomal Doxorubicin were eligible for cross over to treatment on Docetaxel, provided the patient still met the eligibility laboratory and performance status criteria.",
        "  Number of Participants: 42",
        "  Measure Type: Number",
        "  Unit of Measure: percentage of patients: 28  ",
        "  (16 to 42)",
        "Results 2: ",
        "  Arm B - Docetaxel Then Liposomal Doxorubicin",
        "  Weekly docetaxel 36 mg/m2 IV over 30 minutes on days 1, 8 and 15 followed by one week rest, administered on a q 28 day cycle. This dosing schedule will define one cycle.",
        "  Patients demonstrating progression on Docetaxel were eligible for cross over to treatment on Liposomal Doxorubicin, provided the patient still met the eligibility laboratory and performance status criteria.",
        "  Number of Participants: 44",
        "  Measure Type: Number",
        "  Unit of Measure: percentage of patients: 31  ",
        "  (18 to 45)"
    ],
    "Adverse Events": [
        "Adverse Events 1:",
        "  Total: 18/50 (36.00%)",
        "  Hypotension 0/50 (0.00%)",
        "  Bradycardia 0/50 (0.00%)",
        "  Cardiac Arrest 1/50 (2.00%)",
        "  Diarrhea 2/50 (4.00%)",
        "  Pain - Abdominal 1/50 (2.00%)",
        "  Hemorrhage - GI 1/50 (2.00%)",
        "  Vomiting 0/50 (0.00%)",
        "  Nausea 0/50 (0.00%)",
        "  Dehydration 0/50 (0.00%)",
        "  Diverticular Abscess 1/50 (2.00%)",
        "  Failure to Thrive 1/50 (2.00%)",
        "  Fever 0/50 (0.00%)",
        "Adverse Events 2:",
        "  Total: 22/52 (42.31%)",
        "  Hypotension 1/52 (1.92%)",
        "  Bradycardia 1/52 (1.92%)",
        "  Cardiac Arrest 0/52 (0.00%)",
        "  Diarrhea 0/52 (0.00%)",
        "  Pain - Abdominal 0/52 (0.00%)",
        "  Hemorrhage - GI 1/52 (1.92%)",
        "  Vomiting 1/52 (1.92%)",
        "  Nausea 1/52 (1.92%)",
        "  Dehydration 1/52 (1.92%)",
        "  Diverticular Abscess 0/52 (0.00%)",
        "  Failure to Thrive 0/52 (0.00%)",
        "  Fever 1/52 (1.92%)"
    ]
}