{
    "Clinical Trial ID": "NCT00929240",
    "Intervention": [
        "INTERVENTION 1: ",
        "  Maintenance Phase: Bevacizumab",
        "  During the Initial Phase all participants received bevacizumab 15 mg/kg IV on Day 1 of each 3 week cycle for a minimum of 3 cycles and a maximum of 6 cycles or until disease progression, unacceptable toxicity or participant request for withdrawal, whichever occurred first along with docetaxel, a recommended dose of 100 mg/m^2 IV administered on Day 1 of each cycle. Doses of 75 to 100 mg/m^2 of docetaxel could be administered at investigator's discretion. At the end of the Initial Phase, participants with an objective response (PR or CR) or SD received 15 mg/kg bevacizumab IV on Day 1 of each 3 week cycle until disease progression, unacceptable toxicity, participant request for withdrawal or end of study, whichever occurred first.",
        "INTERVENTION 2: ",
        "  Maintenance Phase: Bevacizumab + Capecitabine",
        "  During the Initial Phase participants received bevacizumab 15 mg/kg IV on Day 1 of each 3 week cycle for a minimum of 3 cycles and a maximum of 6 cycles or until disease progression, unacceptable toxicity or withdrawal, whichever occurred first, along with docetaxel, a recommended dose of 100 mg/m^2 IV administered on Day 1 of each cycle. Doses of 75 to 100 mg/m^2 of docetaxel could be administered at investigator's discretion. At the end of the Initial Phase, participants with an objective response were randomized to receive bevacizumab 15 mg/kg IV on Day 1 of each 3-week cycle plus capecitabine 1000 mg/m^2 twice daily on Days 1 to 14 of each 3 week cycle until disease progression, unacceptable toxicity, request for withdrawal or end of study, whichever occurred first. If one of the drugs was discontinued before disease progression, treatment was continued with the second drug until disease progression, unacceptable toxicity, withdrawal or end of study, whichever occurred first."
    ],
    "Eligibility": [
        "Inclusion Criteria:",
        "  adult patients, >=18 years of age;",
        "  HER2-negative metastatic breast cancer",
        "  candidates for taxane-based chemotherapy;",
        "  ECOG performance status of 0 or 1.",
        "Exclusion Criteria:",
        "  previous chemotherapy for metastatic breast cancer;",
        "  prior adjuvant/neo-adjuvant chemotherapy within 6 months prior to study;",
        "  prior radiotherapy for treatment of metastatic disease;",
        "  chronic daily treatment with aspirin (325 mg/day) or clopidogrel(>75mg/day)."
    ],
    "Results": [
        "Outcome Measurement: ",
        "  Percentage of Participants With Disease Progression or Death (Maintenance Phase Data Cutoff October 4, 2013)",
        "  Progression Free Survival (PFS) was defined as the time from first study drug dosing (during the maintenance treatment phase) to the first documented disease progression or death, whichever occurred first. Progression was based on tumor assessment made by the investigators according to the Response Evaluation Criteria In Solid Tumors (RECIST). Progressive Disease (PD) was defined as a 20 percent (%) or greater increase in the sum of the Longest Diameter (LD) of the target lesions taking as reference the smallest sum LD recorded or appearance of new lesions.",
        "  Time frame: Randomization, at the end of every third cycle (every 9 weeks) until the end of maintenance phase and every 3 months until disease progression or death until data cutoff on October 4, 2013, up to 4 years",
        "Results 1: ",
        "  Maintenance Phase: Bevacizumab",
        "  During the Initial Phase all participants received bevacizumab 15 mg/kg IV on Day 1 of each 3 week cycle for a minimum of 3 cycles and a maximum of 6 cycles or until disease progression, unacceptable toxicity or participant request for withdrawal, whichever occurred first along with docetaxel, a recommended dose of 100 mg/m^2 IV administered on Day 1 of each cycle. Doses of 75 to 100 mg/m^2 of docetaxel could be administered at investigator's discretion. At the end of the Initial Phase, participants with an objective response (PR or CR) or SD received 15 mg/kg bevacizumab IV on Day 1 of each 3 week cycle until disease progression, unacceptable toxicity, participant request for withdrawal or end of study, whichever occurred first.",
        "  Number of Participants: 94",
        "  Measure Type: Number",
        "  Unit of Measure: percentage of participants: 88.3",
        "Results 2: ",
        "  Maintenance Phase: Bevacizumab + Capecitabine",
        "  During the Initial Phase participants received bevacizumab 15 mg/kg IV on Day 1 of each 3 week cycle for a minimum of 3 cycles and a maximum of 6 cycles or until disease progression, unacceptable toxicity or withdrawal, whichever occurred first, along with docetaxel, a recommended dose of 100 mg/m^2 IV administered on Day 1 of each cycle. Doses of 75 to 100 mg/m^2 of docetaxel could be administered at investigator's discretion. At the end of the Initial Phase, participants with an objective response were randomized to receive bevacizumab 15 mg/kg IV on Day 1 of each 3-week cycle plus capecitabine 1000 mg/m^2 twice daily on Days 1 to 14 of each 3 week cycle until disease progression, unacceptable toxicity, request for withdrawal or end of study, whichever occurred first. If one of the drugs was discontinued before disease progression, treatment was continued with the second drug until disease progression, unacceptable toxicity, withdrawal or end of study, whichever occurred first.",
        "  Number of Participants: 91",
        "  Measure Type: Number",
        "  Unit of Measure: percentage of participants: 75.8"
    ],
    "Adverse Events": [
        "Adverse Events 1:",
        "  Total: 78/284 (27.46%)",
        "  Febrile neutropenia * 28/284 (9.86%)",
        "  Neutropenia * 217/284 (5.99%)",
        "  Leukopenia * 23/284 (1.06%)",
        "  Anaemia * 22/284 (0.70%)",
        "  Thrombocytopenia * 20/284 (0.00%)",
        "  Myocardial infarction * 20/284 (0.00%)",
        "  Arrhythmia * 21/284 (0.35%)",
        "  Atrial fibrillation * 1/284 (0.35%)",
        "  Coronary artery disease * 20/284 (0.00%)",
        "  Left ventricular dysfunction * 21/284 (0.35%)",
        "Adverse Events 2:",
        "  Total: 7/92 (7.61%)",
        "  Febrile neutropenia * 0/92 (0.00%)",
        "  Neutropenia * 20/92 (0.00%)",
        "  Leukopenia * 20/92 (0.00%)",
        "  Anaemia * 20/92 (0.00%)",
        "  Thrombocytopenia * 20/92 (0.00%)",
        "  Myocardial infarction * 20/92 (0.00%)",
        "  Arrhythmia * 20/92 (0.00%)",
        "  Atrial fibrillation * 0/92 (0.00%)",
        "  Coronary artery disease * 20/92 (0.00%)",
        "  Left ventricular dysfunction * 20/92 (0.00%)"
    ]
}