{
    "Clinical Trial ID": "NCT00426556",
    "Intervention": [
        "INTERVENTION 1: ",
        "  Phase I - RAD001 5mg + PT, Daily",
        "  Daily dosing schedule of Everolimus 5mg plus Paclitaxel plus Trastuzumab. PT = Paclitaxel & Trastuzumab",
        "INTERVENTION 2: ",
        "  Phase I - RAD001 10mg + PT, Daily",
        "  Daily dosing schedule of Everolimus 10mg plus Paclitaxel plus Trastuzumab. PT = Paclitaxel & Trastuzumab"
    ],
    "Eligibility": [
        "Inclusion Criteria:",
        "  Female or male patients  18 years old with WHO performance status  1",
        "  HER-2 over-expressing metastatic breast cancer cells confirmed by histology",
        "  Progressive disease on prior trastuzumab alone/or in combination with other anticancer agents, or relapsed any time after completion of this therapy (phase l)",
        "  Patient resistance to trastuzumab and taxanes (Phase ll)",
        "  Measurable disease according to RECIST (Phase ll)",
        "  Patients neurologically stable with adequate bone marrow, liver and renal function",
        "Exclusion Criteria:",
        "  Patients receiving endocrine therapy for breast cancer  2 weeks prior to study treatment start",
        "  Patients currently receiving chemotherapy, immunotherapy or radiotherapy or who have received these  4 weeks prior to study treatment start or patients who have received lapatinib  2 weeks prior to study treatment start",
        "  Patients who have previously received mTOR inhibitors",
        "  Other protocol-defined inclusion/exclusion criteria may apply"
    ],
    "Results": [
        "Outcome Measurement: ",
        "  Phase II: Overall Response Rate",
        "  The primary objective of this phase II study was to evaluate the efficacy of the dose level/regimen of everolimus recommended from the Phase I with trastuzumab and paclitaxel (PT) therapy in patients with HER2-overexpressing metastatic breast cancer whose disease progressed on/after trastuzumab mono-and/or combination therapy based on the evaluation of objective response rate (ORR) according to Response Evaluation Criteria in Solid Tumors (RECIST). Objective response rate (ORR) was defined as the proportion of patients with a best overall response (BOR) of complete response (CR) or partial response (PR). Only patients with measurable disease (the presence of at least one measurable lesion) at baseline were included in the study. CR = Disappearance of all target lesions; PR = At least a 30% decrease in the sum of the longest diameter of all target lesions, taking as reference the baseline sum of the longest diameters.",
        "  Time frame: every 8 - 9 weeks until disease progression or a new lesion is identified",
        "Results 1: ",
        "  Phase I - RAD001 5mg + PT, Daily",
        "  Daily dosing schedule of Everolimus 5mg plus Paclitaxel plus Trastuzumab. PT = Paclitaxel & Trastuzumab",
        "  Number of Participants: 0",
        "  Measure Type: Number",
        "  Unit of Measure: Percentage of Participants: ",
        "Results 2: ",
        "  Phase I - RAD001 10mg + PT, Daily",
        "  Daily dosing schedule of Everolimus 10mg plus Paclitaxel plus Trastuzumab. PT = Paclitaxel & Trastuzumab",
        "  Number of Participants: 0",
        "  Measure Type: Number",
        "  Unit of Measure: Percentage of Participants: "
    ],
    "Adverse Events": [
        "Adverse Events 1:",
        "  Total: 3/6 (50.00%)",
        "  Febrile neutropenia 0/6 (0.00%)",
        "  Leukopenia 0/6 (0.00%)",
        "  Neutropenia 0/6 (0.00%)",
        "  Thrombocytopenia 0/6 (0.00%)",
        "  Cardio-respiratory arrest 0/6 (0.00%)",
        "  Cardiopulmonary failure 0/6 (0.00%)",
        "  Vertigo 0/6 (0.00%)",
        "  Visual impairment 0/6 (0.00%)",
        "  Abdominal pain 0/6 (0.00%)",
        "  Diarrhoea 0/6 (0.00%)",
        "  Dysphagia 0/6 (0.00%)",
        "  Gastric ulcer 0/6 (0.00%)",
        "Adverse Events 2:",
        "  Total: 6/17 (35.29%)",
        "  Febrile neutropenia 0/17 (0.00%)",
        "  Leukopenia 0/17 (0.00%)",
        "  Neutropenia 0/17 (0.00%)",
        "  Thrombocytopenia 0/17 (0.00%)",
        "  Cardio-respiratory arrest 1/17 (5.88%)",
        "  Cardiopulmonary failure 0/17 (0.00%)",
        "  Vertigo 0/17 (0.00%)",
        "  Visual impairment 0/17 (0.00%)",
        "  Abdominal pain 0/17 (0.00%)",
        "  Diarrhoea 1/17 (5.88%)",
        "  Dysphagia 0/17 (0.00%)",
        "  Gastric ulcer 1/17 (5.88%)"
    ]
}